compression_algorithm,compression_nthreads,compression_shuffle,compression_level,filesize_in_megabytes,hdf5_chunk_size,graph_execution_time
BloscZstd,1,Byte,5,0.2600545883178711,1024,136.200375ms
BloscZstd,1,Byte,5,0.19075870513916016,4096,136.691042ms
BloscZstd,1,Byte,5,0.17671489715576172,16384,150.617709ms
BloscZstd,1,Byte,5,0.2090291976928711,32768,152.634208ms
BloscZstd,1,Byte,1,0.27164649963378906,1024,136.610667ms
BloscZstd,1,Byte,1,0.24303913116455078,4096,140.157167ms
BloscZstd,1,Byte,1,0.2575054168701172,16384,140.181834ms
BloscZstd,1,Byte,1,0.336761474609375,32768,140.644375ms
BloscZstd,1,Byte,5,0.2600545883178711,1024,136.995125ms
BloscZstd,1,Byte,5,0.19075870513916016,4096,138.12375ms
BloscZstd,1,Byte,5,0.17671489715576172,16384,149.221292ms
BloscZstd,1,Byte,5,0.2090291976928711,32768,159.615833ms
BloscZstd,1,Byte,9,0.2520122528076172,1024,1.452163708s
BloscZstd,1,Byte,9,0.1774129867553711,4096,627.161625ms
BloscZstd,1,Byte,9,0.13570880889892578,16384,838.28625ms
BloscZstd,1,Byte,9,0.16085052490234375,32768,1.554243583s
BloscZstd,12,Byte,5,0.2600545883178711,1024,139.334625ms
BloscZstd,12,Byte,5,0.19075870513916016,4096,137.3065ms
BloscZstd,12,Byte,5,0.17671489715576172,16384,144.404208ms
BloscZstd,12,Byte,5,0.2090291976928711,32768,161.242459ms
BloscZstd,12,Byte,1,0.27164649963378906,1024,156.893708ms
BloscZstd,12,Byte,1,0.24303913116455078,4096,150.242708ms
BloscZstd,12,Byte,1,0.2575054168701172,16384,149.689417ms
BloscZstd,12,Byte,1,0.336761474609375,32768,150.305917ms
BloscZstd,12,Byte,5,0.2600545883178711,1024,146.00975ms
BloscZstd,12,Byte,5,0.19075870513916016,4096,144.062708ms
BloscZstd,12,Byte,5,0.17671489715576172,16384,151.898083ms
BloscZstd,12,Byte,5,0.2090291976928711,32768,148.652709ms
BloscZstd,12,Byte,9,0.2520122528076172,1024,1.504904584s
BloscZstd,12,Byte,9,0.1774129867553711,4096,675.807834ms
BloscZstd,12,Byte,9,0.13570880889892578,16384,922.744125ms
BloscZstd,12,Byte,9,0.16085052490234375,32768,1.685001583s
BloscZstd,24,Byte,5,0.2600545883178711,1024,142.137667ms
BloscZstd,24,Byte,5,0.19075870513916016,4096,140.548541ms
BloscZstd,24,Byte,5,0.17671489715576172,16384,143.636625ms
BloscZstd,24,Byte,5,0.2090291976928711,32768,152.314292ms
BloscZstd,24,Byte,1,0.27164649963378906,1024,144.687875ms
BloscZstd,24,Byte,1,0.24303913116455078,4096,148.993958ms
BloscZstd,24,Byte,1,0.2575054168701172,16384,147.879917ms
BloscZstd,24,Byte,1,0.336761474609375,32768,142.156375ms
BloscZstd,24,Byte,5,0.2600545883178711,1024,137.829875ms
BloscZstd,24,Byte,5,0.19075870513916016,4096,143.491042ms
BloscZstd,24,Byte,5,0.17671489715576172,16384,152.452041ms
BloscZstd,24,Byte,5,0.2090291976928711,32768,157.196041ms
BloscZstd,24,Byte,9,0.2520122528076172,1024,1.424956333s
BloscZstd,24,Byte,9,0.1774129867553711,4096,641.31525ms
BloscZstd,24,Byte,9,0.13570880889892578,16384,890.816375ms
BloscZstd,24,Byte,9,0.16085052490234375,32768,1.571749542s
BloscZstd,1,Bit,5,0.23467540740966797,1024,137.579292ms
BloscZstd,1,Bit,5,0.18430709838867188,4096,139.777ms
BloscZstd,1,Bit,5,0.1640787124633789,16384,146.112542ms
BloscZstd,1,Bit,5,0.22519874572753906,32768,155.633208ms
BloscZstd,1,Bit,1,0.24666404724121094,1024,137.487417ms
BloscZstd,1,Bit,1,0.22252750396728516,4096,137.71725ms
BloscZstd,1,Bit,1,0.26354217529296875,16384,142.892375ms
BloscZstd,1,Bit,1,0.3075065612792969,32768,142.819125ms
BloscZstd,1,Bit,5,0.23467540740966797,1024,139.051458ms
BloscZstd,1,Bit,5,0.18430709838867188,4096,138.861417ms
BloscZstd,1,Bit,5,0.1640787124633789,16384,145.366167ms
BloscZstd,1,Bit,5,0.22519874572753906,32768,156.141875ms
BloscZstd,1,Bit,9,0.22266578674316406,1024,635.643792ms
BloscZstd,1,Bit,9,0.17456531524658203,4096,1.892153s
BloscZstd,1,Bit,9,0.18229198455810547,16384,2.011546542s
BloscZstd,1,Bit,9,0.20106029510498047,32768,2.570186541s
BloscZstd,12,Bit,5,0.23467540740966797,1024,136.861542ms
BloscZstd,12,Bit,5,0.18430709838867188,4096,140.329625ms
BloscZstd,12,Bit,5,0.1640787124633789,16384,153.650917ms
BloscZstd,12,Bit,5,0.22519874572753906,32768,152.413917ms
BloscZstd,12,Bit,1,0.24666404724121094,1024,135.958833ms
BloscZstd,12,Bit,1,0.22252750396728516,4096,142.148ms
BloscZstd,12,Bit,1,0.26354217529296875,16384,142.331ms
BloscZstd,12,Bit,1,0.3075065612792969,32768,145.908084ms
BloscZstd,12,Bit,5,0.23467540740966797,1024,141.629917ms
BloscZstd,12,Bit,5,0.18430709838867188,4096,139.635583ms
BloscZstd,12,Bit,5,0.1640787124633789,16384,145.703917ms
BloscZstd,12,Bit,5,0.22519874572753906,32768,150.561333ms
BloscZstd,12,Bit,9,0.22266578674316406,1024,639.647666ms
BloscZstd,12,Bit,9,0.17456531524658203,4096,1.877651s
BloscZstd,12,Bit,9,0.18229198455810547,16384,2.051447334s
BloscZstd,12,Bit,9,0.20106029510498047,32768,2.455095875s
BloscZstd,24,Bit,5,0.23467540740966797,1024,145.858708ms
BloscZstd,24,Bit,5,0.18430709838867188,4096,145.860708ms
BloscZstd,24,Bit,5,0.1640787124633789,16384,156.49675ms
BloscZstd,24,Bit,5,0.22519874572753906,32768,158.240208ms
BloscZstd,24,Bit,1,0.24666404724121094,1024,144.147334ms
BloscZstd,24,Bit,1,0.22252750396728516,4096,145.441958ms
BloscZstd,24,Bit,1,0.26354217529296875,16384,144.303542ms
BloscZstd,24,Bit,1,0.3075065612792969,32768,142.8645ms
BloscZstd,24,Bit,5,0.23467540740966797,1024,137.75475ms
BloscZstd,24,Bit,5,0.18430709838867188,4096,139.275958ms
BloscZstd,24,Bit,5,0.1640787124633789,16384,146.941958ms
BloscZstd,24,Bit,5,0.22519874572753906,32768,152.003083ms
BloscZstd,24,Bit,9,0.22266578674316406,1024,635.383916ms
BloscZstd,24,Bit,9,0.17456531524658203,4096,1.8145315s
BloscZstd,24,Bit,9,0.18229198455810547,16384,2.063403541s
BloscZstd,24,Bit,9,0.20106029510498047,32768,2.628262625s
BloscZstd,1,Byte,5,0.2600545883178711,1024,138.849792ms
BloscZstd,1,Byte,5,0.19075870513916016,4096,144.152791ms
BloscZstd,1,Byte,5,0.17671489715576172,16384,144.307ms
BloscZstd,1,Byte,5,0.2090291976928711,32768,154.537625ms
BloscZstd,1,Byte,1,0.27164649963378906,1024,142.915459ms
BloscZstd,1,Byte,1,0.24303913116455078,4096,147.473334ms
BloscZstd,1,Byte,1,0.2575054168701172,16384,144.469083ms
BloscZstd,1,Byte,1,0.336761474609375,32768,154.841167ms
BloscZstd,1,Byte,5,0.2600545883178711,1024,155.255042ms
BloscZstd,1,Byte,5,0.19075870513916016,4096,152.068583ms
BloscZstd,1,Byte,5,0.17671489715576172,16384,180.656291ms
BloscZstd,1,Byte,5,0.2090291976928711,32768,164.929084ms
BloscZstd,1,Byte,9,0.2520122528076172,1024,1.452861084s
BloscZstd,1,Byte,9,0.1774129867553711,4096,633.4615ms
BloscZstd,1,Byte,9,0.13570880889892578,16384,850.338875ms
BloscZstd,1,Byte,9,0.16085052490234375,32768,1.628219167s
BloscZstd,12,Byte,5,0.2600545883178711,1024,145.144791ms
BloscZstd,12,Byte,5,0.19075870513916016,4096,147.078792ms
BloscZstd,12,Byte,5,0.17671489715576172,16384,156.168791ms
BloscZstd,12,Byte,5,0.2090291976928711,32768,157.832541ms
BloscZstd,12,Byte,1,0.27164649963378906,1024,142.263833ms
BloscZstd,12,Byte,1,0.24303913116455078,4096,146.477375ms
BloscZstd,12,Byte,1,0.2575054168701172,16384,146.764625ms
BloscZstd,12,Byte,1,0.336761474609375,32768,145.375167ms
BloscZstd,12,Byte,5,0.2600545883178711,1024,140.575083ms
BloscZstd,12,Byte,5,0.19075870513916016,4096,138.944875ms
BloscZstd,12,Byte,5,0.17671489715576172,16384,157.01025ms
BloscZstd,12,Byte,5,0.2090291976928711,32768,150.903584ms
BloscZstd,12,Byte,9,0.2520122528076172,1024,1.410335917s
BloscZstd,12,Byte,9,0.1774129867553711,4096,635.333667ms
BloscZstd,12,Byte,9,0.13570880889892578,16384,889.516917ms
BloscZstd,12,Byte,9,0.16156005859375,32768,1.730312375s
BloscZstd,24,Byte,5,0.2602853775024414,1024,163.928ms
BloscZstd,24,Byte,5,0.19075870513916016,4096,215.259166ms
BloscZstd,24,Byte,5,0.17671489715576172,16384,152.049833ms
BloscZstd,24,Byte,5,0.2090291976928711,32768,153.9615ms
BloscZstd,24,Byte,1,0.27164649963378906,1024,148.59775ms
BloscZstd,24,Byte,1,0.24303913116455078,4096,143.0345ms
BloscZstd,24,Byte,1,0.2575054168701172,16384,142.578833ms
BloscZstd,24,Byte,1,0.336761474609375,32768,145.868625ms
BloscZstd,24,Byte,5,0.2600545883178711,1024,141.22025ms
BloscZstd,24,Byte,5,0.19075870513916016,4096,143.119292ms
BloscZstd,24,Byte,5,0.17671489715576172,16384,149.282625ms
BloscZstd,24,Byte,5,0.2090291976928711,32768,155.744833ms
BloscZstd,24,Byte,9,0.2520122528076172,1024,1.425806167s
BloscZstd,24,Byte,9,0.1774129867553711,4096,673.122833ms
BloscZstd,1,Byte,5,0.2600545883178711,1024,144.2105ms
BloscZstd,1,Byte,5,0.19075870513916016,4096,140.586625ms
BloscZstd,1,Byte,5,0.17671489715576172,16384,149.042625ms
BloscZstd,1,Byte,5,0.2090291976928711,32768,151.385375ms
BloscZstd,1,Byte,1,0.27164649963378906,1024,139.483167ms
BloscZstd,1,Byte,1,0.2430419921875,4096,138.086ms
BloscZstd,1,Byte,1,0.2575082778930664,16384,140.928583ms
BloscZstd,1,Byte,1,0.3367643356323242,32768,142.4935ms
BloscZstd,1,Byte,5,0.2600545883178711,1024,139.961875ms
BloscZstd,1,Byte,5,0.19075870513916016,4096,142.140833ms
BloscZstd,1,Byte,5,0.17671489715576172,16384,147.086542ms
BloscZstd,1,Byte,5,0.2090291976928711,32768,152.604875ms
BloscZstd,1,Byte,9,0.2520122528076172,1024,1.444639167s
BloscZstd,1,Byte,9,0.17741107940673828,4096,659.469542ms
BloscZstd,1,Byte,9,0.1357135772705078,16384,837.589708ms
BloscZstd,1,Byte,9,0.16079425811767578,32768,1.568531542s
BloscZstd,12,Byte,5,0.2600545883178711,1024,138.905083ms
BloscZstd,12,Byte,5,0.19075870513916016,4096,139.92525ms
BloscZstd,12,Byte,5,0.17671489715576172,16384,145.9195ms
BloscZstd,12,Byte,5,0.2090291976928711,32768,151.955167ms
BloscZstd,12,Byte,1,0.27164649963378906,1024,142.431417ms
BloscZstd,12,Byte,1,0.2430419921875,4096,146.321208ms
BloscZstd,12,Byte,1,0.2575082778930664,16384,146.901375ms
BloscZstd,12,Byte,1,0.3367643356323242,32768,144.187833ms
BloscZstd,12,Byte,5,0.2600545883178711,1024,139.662167ms
BloscZstd,12,Byte,5,0.19075870513916016,4096,142.1415ms
BloscZstd,12,Byte,5,0.17671489715576172,16384,147.552292ms
BloscZstd,12,Byte,5,0.2090291976928711,32768,158.89925ms
BloscZstd,12,Byte,9,0.2520122528076172,1024,1.46522s
BloscZstd,12,Byte,9,0.17741107940673828,4096,639.828708ms
BloscZstd,12,Byte,9,0.1357135772705078,16384,873.897625ms
BloscZstd,12,Byte,9,0.16079425811767578,32768,1.580786s
BloscZstd,24,Byte,5,0.2600545883178711,1024,138.628417ms
BloscZstd,24,Byte,5,0.19075870513916016,4096,140.112292ms
BloscZstd,24,Byte,5,0.17671489715576172,16384,158.546375ms
BloscZstd,24,Byte,5,0.2090291976928711,32768,158.316209ms
BloscZstd,24,Byte,1,0.27164649963378906,1024,145.948959ms
BloscZstd,24,Byte,1,0.2430419921875,4096,149.2085ms
BloscZstd,24,Byte,1,0.2575082778930664,16384,148.4475ms
BloscZstd,24,Byte,1,0.3367643356323242,32768,147.066333ms
BloscZstd,24,Byte,5,0.2600545883178711,1024,140.882083ms
BloscZstd,24,Byte,5,0.19075870513916016,4096,139.382125ms
BloscZstd,24,Byte,5,0.17671489715576172,16384,149.458083ms
BloscZstd,24,Byte,5,0.2090291976928711,32768,150.556792ms
BloscZstd,24,Byte,9,0.2520122528076172,1024,1.431786875s
BloscZstd,24,Byte,9,0.17741107940673828,4096,637.079792ms
BloscZstd,24,Byte,9,0.1357135772705078,16384,847.503625ms
BloscZstd,24,Byte,9,0.16079425811767578,32768,1.637117625s
BloscZstd,1,Bit,5,0.2345123291015625,1024,147.116458ms
BloscZstd,1,Bit,5,0.18425846099853516,4096,144.732792ms
BloscZstd,1,Bit,5,0.16411304473876953,16384,158.20875ms
BloscZstd,1,Bit,5,0.22519493103027344,32768,163.505166ms
BloscZstd,1,Bit,1,0.2465229034423828,1024,150.992959ms
BloscZstd,1,Bit,1,0.22261524200439453,4096,145.537958ms
BloscZstd,1,Bit,1,0.2634592056274414,16384,148.128667ms
BloscZstd,1,Bit,1,0.3073091506958008,32768,147.39475ms
BloscZstd,1,Bit,5,0.2345123291015625,1024,144.334541ms
BloscZstd,1,Bit,5,0.18425846099853516,4096,144.424542ms
BloscZstd,1,Bit,5,0.16411304473876953,16384,155.048583ms
BloscZstd,1,Bit,5,0.22519493103027344,32768,158.068541ms
BloscZstd,1,Bit,9,0.22254085540771484,1024,555.037125ms
BloscZstd,1,Bit,9,0.17452621459960938,4096,1.847734416s
BloscZstd,1,Bit,9,0.1822795867919922,16384,2.061467833s
BloscZstd,1,Bit,9,0.20086002349853516,32768,2.66758175s
BloscZstd,12,Bit,5,0.2345123291015625,1024,142.897334ms
BloscZstd,12,Bit,5,0.18425846099853516,4096,148.215375ms
BloscZstd,12,Bit,5,0.16411304473876953,16384,156.107125ms
BloscZstd,12,Bit,5,0.22519493103027344,32768,156.90675ms
BloscZstd,12,Bit,1,0.2465229034423828,1024,143.72475ms
BloscZstd,12,Bit,1,0.22261524200439453,4096,149.616125ms
BloscZstd,12,Bit,1,0.2634592056274414,16384,144.387042ms
BloscZstd,12,Bit,1,0.3073091506958008,32768,145.763083ms
BloscZstd,12,Bit,5,0.2345123291015625,1024,139.703209ms
BloscZstd,12,Bit,5,0.18425846099853516,4096,141.963542ms
BloscZstd,12,Bit,5,0.16411304473876953,16384,150.011292ms
BloscZstd,12,Bit,5,0.22519493103027344,32768,152.404291ms
BloscZstd,12,Bit,9,0.22254085540771484,1024,556.747583ms
BloscZstd,12,Bit,9,0.17452621459960938,4096,1.816171334s
BloscZstd,12,Bit,9,0.1822795867919922,16384,2.052650708s
BloscZstd,12,Bit,9,0.20086002349853516,32768,2.525821083s
BloscZstd,24,Bit,5,0.2345123291015625,1024,137.23925ms
BloscZstd,24,Bit,5,0.18425846099853516,4096,141.733458ms
BloscZstd,24,Bit,5,0.16411304473876953,16384,148.823666ms
BloscZstd,24,Bit,5,0.22519493103027344,32768,155.198291ms
BloscZstd,24,Bit,1,0.2465229034423828,1024,137.577666ms
BloscZstd,24,Bit,1,0.22261524200439453,4096,144.938125ms
BloscZstd,24,Bit,1,0.2634592056274414,16384,144.586375ms
BloscZstd,24,Bit,1,0.3073091506958008,32768,144.589459ms
BloscZstd,24,Bit,5,0.2345123291015625,1024,138.635333ms
BloscZstd,24,Bit,5,0.18425846099853516,4096,146.827875ms
BloscZstd,24,Bit,5,0.16411304473876953,16384,154.739208ms
BloscZstd,24,Bit,5,0.22519493103027344,32768,160.562417ms
BloscZstd,24,Bit,9,0.22254085540771484,1024,573.299042ms
BloscZstd,24,Bit,9,0.17452621459960938,4096,1.809229833s
BloscZstd,24,Bit,9,0.1822795867919922,16384,1.976083333s
BloscZstd,24,Bit,9,0.20086002349853516,32768,2.599511875s
BloscZstd,1,Byte,5,0.2600545883178711,1024,139.911125ms
BloscZstd,1,Byte,5,0.19075870513916016,4096,146.002459ms
BloscZstd,1,Byte,5,0.17671489715576172,16384,144.754458ms
BloscZstd,1,Byte,5,0.2090291976928711,32768,155.538083ms
BloscZstd,1,Byte,1,0.27164649963378906,1024,139.153375ms
BloscZstd,1,Byte,1,0.2430419921875,4096,140.369458ms
BloscZstd,1,Byte,1,0.2575082778930664,16384,141.562958ms
BloscZstd,1,Byte,1,0.3367643356323242,32768,143.59025ms
BloscZstd,1,Byte,5,0.2600545883178711,1024,139.37175ms
BloscZstd,1,Byte,5,0.19075870513916016,4096,141.036417ms
BloscZstd,1,Byte,5,0.17671489715576172,16384,145.577375ms
BloscZstd,1,Byte,5,0.2090291976928711,32768,151.806584ms
BloscZstd,1,Byte,9,0.2520122528076172,1024,1.47282925s
BloscZstd,1,Byte,9,0.17741107940673828,4096,646.996625ms
BloscZstd,1,Byte,9,0.1357135772705078,16384,852.5355ms
BloscZstd,1,Byte,9,0.16079425811767578,32768,1.635068125s
BloscZstd,12,Byte,5,0.2600545883178711,1024,143.098083ms
BloscZstd,12,Byte,5,0.19075870513916016,4096,141.915166ms
BloscZstd,12,Byte,5,0.17671489715576172,16384,147.81325ms
BloscZstd,12,Byte,5,0.2090291976928711,32768,152.267333ms
BloscZstd,12,Byte,1,0.27164649963378906,1024,142.524167ms
BloscZstd,12,Byte,1,0.2430419921875,4096,143.509834ms
BloscZstd,12,Byte,1,0.2575082778930664,16384,143.325125ms
BloscZstd,12,Byte,1,0.3367643356323242,32768,143.494208ms
BloscZstd,12,Byte,5,0.2600545883178711,1024,144.327916ms
BloscZstd,12,Byte,5,0.19075870513916016,4096,148.410958ms
BloscZstd,12,Byte,5,0.17671489715576172,16384,155.774083ms
BloscZstd,12,Byte,5,0.2090291976928711,32768,157.654ms
BloscZstd,12,Byte,9,0.2520122528076172,1024,1.444181875s
BloscZstd,12,Byte,9,0.17741107940673828,4096,642.556667ms
BloscZstd,12,Byte,9,0.1357135772705078,16384,842.220209ms
BloscZstd,12,Byte,9,0.16079425811767578,32768,1.570011s
BloscZstd,24,Byte,5,0.2600545883178711,1024,149.497083ms
BloscZstd,24,Byte,5,0.19075870513916016,4096,148.338041ms
BloscZstd,24,Byte,5,0.17671489715576172,16384,155.094ms
BloscZstd,24,Byte,5,0.2090291976928711,32768,159.161333ms
BloscZstd,24,Byte,1,0.27164649963378906,1024,147.072333ms
BloscZstd,24,Byte,1,0.2430419921875,4096,149.451417ms
BloscZstd,24,Byte,1,0.2575082778930664,16384,147.188ms
BloscZstd,24,Byte,1,0.3367643356323242,32768,145.469375ms
BloscZstd,24,Byte,5,0.2600545883178711,1024,140.239041ms
BloscZstd,24,Byte,5,0.19075870513916016,4096,140.015709ms
BloscZstd,24,Byte,5,0.17671489715576172,16384,147.486458ms
BloscZstd,24,Byte,5,0.2090291976928711,32768,153.495709ms
BloscZstd,24,Byte,9,0.2520122528076172,1024,1.441217333s
BloscZstd,24,Byte,9,0.17741107940673828,4096,634.561208ms
BloscZstd,24,Byte,9,0.1357135772705078,16384,845.093541ms
BloscZstd,24,Byte,9,0.16079425811767578,32768,1.632675417s
BloscLz4hc,1,Byte,5,0.28835105895996094,1024,137.527417ms
BloscLz4hc,1,Byte,5,0.2196187973022461,4096,138.341458ms
BloscLz4hc,1,Byte,5,0.19670772552490234,16384,142.101833ms
BloscLz4hc,1,Byte,5,0.21173954010009766,32768,147.233625ms
BloscLz4hc,1,Byte,1,0.2883758544921875,1024,137.836917ms
BloscLz4hc,1,Byte,1,0.21992874145507812,4096,139.3115ms
BloscLz4hc,1,Byte,1,0.1999053955078125,16384,142.043959ms
BloscLz4hc,1,Byte,1,0.21837234497070312,32768,146.23125ms
BloscLz4hc,1,Byte,5,0.28835105895996094,1024,138.222833ms
BloscLz4hc,1,Byte,5,0.2196187973022461,4096,139.901291ms
BloscLz4hc,1,Byte,5,0.19670772552490234,16384,142.75075ms
BloscLz4hc,1,Byte,5,0.21173954010009766,32768,148.141833ms
BloscLz4hc,1,Byte,9,0.28835105895996094,1024,139.241ms
BloscLz4hc,1,Byte,9,0.21961402893066406,4096,139.197416ms
BloscLz4hc,1,Byte,9,0.19666099548339844,16384,142.143459ms
BloscLz4hc,1,Byte,9,0.21155738830566406,32768,150.837666ms
BloscLz4hc,12,Byte,5,0.28835105895996094,1024,138.2125ms
BloscLz4hc,12,Byte,5,0.2196187973022461,4096,138.614125ms
BloscLz4hc,12,Byte,5,0.19670772552490234,16384,141.555583ms
BloscLz4hc,12,Byte,5,0.21173954010009766,32768,148.668333ms
BloscLz4hc,12,Byte,1,0.2883758544921875,1024,140.4105ms
BloscLz4hc,12,Byte,1,0.21992874145507812,4096,139.129708ms
BloscLz4hc,12,Byte,1,0.1999053955078125,16384,140.681708ms
BloscLz4hc,12,Byte,1,0.21837234497070312,32768,148.032584ms
BloscLz4hc,12,Byte,5,0.28835105895996094,1024,141.152042ms
BloscLz4hc,12,Byte,5,0.2196187973022461,4096,141.796708ms
BloscLz4hc,12,Byte,5,0.19670772552490234,16384,151.379166ms
BloscLz4hc,12,Byte,5,0.21173954010009766,32768,157.916833ms
BloscLz4hc,12,Byte,9,0.28835105895996094,1024,146.286208ms
BloscLz4hc,12,Byte,9,0.21961402893066406,4096,146.791416ms
BloscLz4hc,12,Byte,9,0.19666099548339844,16384,150.144541ms
BloscLz4hc,12,Byte,9,0.21155738830566406,32768,156.59275ms
BloscLz4hc,24,Byte,5,0.28835105895996094,1024,139.491542ms
BloscLz4hc,24,Byte,5,0.2196187973022461,4096,139.852958ms
BloscLz4hc,24,Byte,5,0.19670772552490234,16384,143.27475ms
BloscLz4hc,24,Byte,5,0.21173954010009766,32768,149.89325ms
BloscLz4hc,24,Byte,1,0.2883758544921875,1024,139.036708ms
BloscLz4hc,24,Byte,1,0.21992874145507812,4096,137.268709ms
BloscLz4hc,24,Byte,1,0.1999053955078125,16384,140.222125ms
BloscLz4hc,24,Byte,1,0.21837234497070312,32768,147.341875ms
BloscLz4hc,24,Byte,5,0.28835105895996094,1024,137.4485ms
BloscLz4hc,24,Byte,5,0.2196187973022461,4096,138.908083ms
BloscLz4hc,24,Byte,5,0.19670772552490234,16384,143.223333ms
BloscLz4hc,24,Byte,5,0.21173954010009766,32768,149.295375ms
BloscLz4hc,24,Byte,9,0.28835105895996094,1024,138.6345ms
BloscLz4hc,24,Byte,9,0.21961402893066406,4096,138.08275ms
BloscLz4hc,24,Byte,9,0.19666099548339844,16384,141.067042ms
BloscLz4hc,24,Byte,9,0.21155738830566406,32768,148.829792ms
BloscLz4hc,1,Bit,5,0.27694225311279297,1024,139.643125ms
BloscLz4hc,1,Bit,5,0.20623207092285156,4096,138.70825ms
BloscLz4hc,1,Bit,5,0.2028493881225586,16384,146.885ms
BloscLz4hc,1,Bit,5,0.23285388946533203,32768,157.298958ms
BloscLz4hc,1,Bit,1,0.2859983444213867,1024,140.418375ms
BloscLz4hc,1,Bit,1,0.21325969696044922,4096,139.754542ms
BloscLz4hc,1,Bit,1,0.20937728881835938,16384,145.097708ms
BloscLz4hc,1,Bit,1,0.2426929473876953,32768,152.61975ms
BloscLz4hc,1,Bit,5,0.27694225311279297,1024,140.852333ms
BloscLz4hc,1,Bit,5,0.20623207092285156,4096,141.830709ms
BloscLz4hc,1,Bit,5,0.2028493881225586,16384,148.453292ms
BloscLz4hc,1,Bit,5,0.23285388946533203,32768,157.173333ms
BloscLz4hc,1,Bit,9,0.27657604217529297,1024,149.247833ms
BloscLz4hc,1,Bit,9,0.21056461334228516,4096,148.519917ms
BloscLz4hc,1,Bit,9,0.2024374008178711,16384,157.692958ms
BloscLz4hc,1,Bit,9,0.2317829132080078,32768,183.038084ms
BloscLz4hc,12,Bit,5,0.27694225311279297,1024,148.137583ms
BloscLz4hc,12,Bit,5,0.20623207092285156,4096,147.108292ms
BloscLz4hc,12,Bit,5,0.2028493881225586,16384,148.683583ms
BloscLz4hc,12,Bit,5,0.23285388946533203,32768,157.402083ms
BloscLz4hc,12,Bit,1,0.2859983444213867,1024,140.29575ms
BloscLz4hc,12,Bit,1,0.21325969696044922,4096,142.560292ms
BloscLz4hc,12,Bit,1,0.20937728881835938,16384,145.755375ms
BloscLz4hc,12,Bit,1,0.2426929473876953,32768,153.940625ms
BloscLz4hc,12,Bit,5,0.27694225311279297,1024,141.112833ms
BloscLz4hc,12,Bit,5,0.20623207092285156,4096,140.049375ms
BloscLz4hc,12,Bit,5,0.2028493881225586,16384,146.122625ms
BloscLz4hc,12,Bit,5,0.23285388946533203,32768,158.480125ms
BloscLz4hc,12,Bit,9,0.27657604217529297,1024,142.837ms
BloscLz4hc,12,Bit,9,0.21056461334228516,4096,140.468709ms
BloscLz4hc,12,Bit,9,0.2024374008178711,16384,146.9835ms
BloscLz4hc,12,Bit,9,0.2317829132080078,32768,177.177917ms
BloscLz4hc,24,Bit,5,0.27694225311279297,1024,140.625542ms
BloscLz4hc,24,Bit,5,0.20623207092285156,4096,140.370291ms
BloscLz4hc,24,Bit,5,0.2028493881225586,16384,149.145959ms
BloscLz4hc,24,Bit,5,0.23285388946533203,32768,160.613459ms
BloscLz4hc,24,Bit,1,0.2859983444213867,1024,140.160625ms
BloscLz4hc,24,Bit,1,0.21325969696044922,4096,137.390625ms
BloscLz4hc,24,Bit,1,0.20937728881835938,16384,144.16175ms
BloscLz4hc,24,Bit,1,0.2426929473876953,32768,154.662958ms
BloscLz4hc,24,Bit,5,0.27694225311279297,1024,141.128208ms
BloscLz4hc,24,Bit,5,0.20623207092285156,4096,139.523666ms
BloscLz4hc,24,Bit,5,0.2028493881225586,16384,149.292875ms
BloscLz4hc,24,Bit,5,0.23285388946533203,32768,157.055208ms
BloscLz4hc,24,Bit,9,0.27657604217529297,1024,139.36575ms
BloscLz4hc,24,Bit,9,0.21056461334228516,4096,140.753542ms
BloscLz4hc,24,Bit,9,0.2024374008178711,16384,156.009916ms
BloscLz4hc,24,Bit,9,0.2317829132080078,32768,183.166834ms
BloscLz4hc,1,Byte,5,0.28835105895996094,1024,145.564875ms
BloscLz4hc,1,Byte,5,0.2196187973022461,4096,146.13575ms
BloscLz4hc,1,Byte,5,0.19670772552490234,16384,150.437875ms
BloscLz4hc,1,Byte,5,0.21173954010009766,32768,153.379792ms
BloscLz4hc,1,Byte,1,0.2883758544921875,1024,140.963125ms
BloscLz4hc,1,Byte,1,0.21992874145507812,4096,140.155125ms
BloscLz4hc,1,Byte,1,0.1999053955078125,16384,147.547875ms
BloscLz4hc,1,Byte,1,0.21837234497070312,32768,150.717292ms
BloscLz4hc,1,Byte,5,0.28835105895996094,1024,141.470709ms
BloscLz4hc,1,Byte,5,0.2196187973022461,4096,141.098458ms
BloscLz4hc,1,Byte,5,0.19670772552490234,16384,143.230542ms
BloscLz4hc,1,Byte,5,0.21173954010009766,32768,149.897917ms
BloscLz4hc,1,Byte,9,0.28835105895996094,1024,140.875375ms
BloscLz4hc,1,Byte,9,0.21961402893066406,4096,143.04975ms
BloscLz4hc,1,Byte,9,0.19666099548339844,16384,157.440875ms
BloscLz4hc,1,Byte,9,0.21155738830566406,32768,162.860459ms
BloscLz4hc,12,Byte,5,0.28835105895996094,1024,151.331083ms
BloscLz4hc,12,Byte,5,0.2196187973022461,4096,140.962875ms
BloscLz4hc,12,Byte,5,0.19670772552490234,16384,145.359375ms
BloscLz4hc,12,Byte,5,0.21173954010009766,32768,152.835375ms
BloscLz4hc,12,Byte,1,0.2883758544921875,1024,144.484625ms
BloscLz4hc,12,Byte,1,0.21992874145507812,4096,141.972ms
BloscLz4hc,12,Byte,1,0.1999053955078125,16384,144.347ms
BloscLz4hc,12,Byte,1,0.21837234497070312,32768,149.813875ms
BloscLz4hc,12,Byte,5,0.28835105895996094,1024,142.36075ms
BloscLz4hc,12,Byte,5,0.2196187973022461,4096,141.351375ms
BloscLz4hc,12,Byte,5,0.19670772552490234,16384,144.986208ms
BloscLz4hc,12,Byte,5,0.21173954010009766,32768,152.140542ms
BloscLz4hc,12,Byte,9,0.28835105895996094,1024,141.26325ms
BloscLz4hc,12,Byte,9,0.21961402893066406,4096,138.892875ms
BloscLz4hc,12,Byte,9,0.19666099548339844,16384,141.981583ms
BloscLz4hc,12,Byte,9,0.21155738830566406,32768,154.241083ms
BloscLz4hc,24,Byte,5,0.28835105895996094,1024,148.249125ms
BloscLz4hc,24,Byte,5,0.2196187973022461,4096,147.841083ms
BloscLz4hc,24,Byte,5,0.19670772552490234,16384,150.802167ms
BloscLz4hc,24,Byte,5,0.21173954010009766,32768,161.070791ms
BloscLz4hc,24,Byte,1,0.2883758544921875,1024,146.410792ms
BloscLz4hc,24,Byte,1,0.21992874145507812,4096,147.900958ms
BloscLz4hc,24,Byte,1,0.1999053955078125,16384,143.268083ms
BloscLz4hc,24,Byte,1,0.21837234497070312,32768,147.26425ms
BloscLz4hc,24,Byte,5,0.28835105895996094,1024,140.35175ms
BloscLz4hc,24,Byte,5,0.2196187973022461,4096,140.284458ms
BloscLz4hc,24,Byte,5,0.19670772552490234,16384,142.867792ms
BloscLz4hc,24,Byte,5,0.21173954010009766,32768,159.308667ms
BloscLz4hc,24,Byte,9,0.28835105895996094,1024,145.678208ms
BloscLz4hc,24,Byte,9,0.21961402893066406,4096,141.123125ms
BloscLz4hc,24,Byte,9,0.19666099548339844,16384,148.120667ms
BloscLz4hc,24,Byte,9,0.21155738830566406,32768,152.196958ms
BloscBlosclz,1,Byte,5,0.3807048797607422,1024,143.775375ms
BloscBlosclz,1,Byte,5,0.24769878387451172,4096,143.674792ms
BloscBlosclz,1,Byte,5,0.23116397857666016,16384,141.25ms
BloscBlosclz,1,Byte,5,0.2723274230957031,32768,143.848084ms
BloscBlosclz,1,Byte,1,0.4139738082885742,1024,141.346833ms
BloscBlosclz,1,Byte,1,0.25843334197998047,4096,149.257667ms
BloscBlosclz,1,Byte,1,0.2641477584838867,16384,156.550458ms
BloscBlosclz,1,Byte,1,0.3189964294433594,32768,158.537ms
BloscBlosclz,1,Byte,5,0.3807048797607422,1024,147.58175ms
BloscBlosclz,1,Byte,5,0.24769878387451172,4096,142.728166ms
BloscBlosclz,1,Byte,5,0.23116397857666016,16384,141.719708ms
BloscBlosclz,1,Byte,5,0.2723274230957031,32768,143.500125ms
BloscBlosclz,1,Byte,9,0.3807048797607422,1024,144.886875ms
BloscBlosclz,1,Byte,9,0.23257160186767578,4096,142.554ms
BloscBlosclz,1,Byte,9,0.23050498962402344,16384,142.796125ms
BloscBlosclz,1,Byte,9,0.26471900939941406,32768,145.145708ms
BloscBlosclz,12,Byte,5,0.3807048797607422,1024,142.189583ms
BloscBlosclz,12,Byte,5,0.24769878387451172,4096,142.583375ms
BloscBlosclz,12,Byte,5,0.23116397857666016,16384,150.038542ms
BloscBlosclz,12,Byte,5,0.2723274230957031,32768,158.480917ms
BloscBlosclz,12,Byte,1,0.4139738082885742,1024,144.550083ms
BloscBlosclz,12,Byte,1,0.25843334197998047,4096,150.851584ms
BloscBlosclz,12,Byte,1,0.2641477584838867,16384,150.452291ms
BloscBlosclz,12,Byte,1,0.3189964294433594,32768,150.918083ms
BloscBlosclz,12,Byte,5,0.3807048797607422,1024,143.746834ms
BloscBlosclz,12,Byte,5,0.24769878387451172,4096,143.250625ms
BloscBlosclz,12,Byte,5,0.23116397857666016,16384,144.4045ms
BloscBlosclz,12,Byte,5,0.2723274230957031,32768,145.180167ms
BloscBlosclz,12,Byte,9,0.3807048797607422,1024,141.7265ms
BloscBlosclz,12,Byte,9,0.23257160186767578,4096,144.547792ms
BloscBlosclz,12,Byte,9,0.23050498962402344,16384,142.567875ms
BloscBlosclz,12,Byte,9,0.26471900939941406,32768,147.795167ms
BloscBlosclz,24,Byte,5,0.3807048797607422,1024,142.054583ms
BloscBlosclz,24,Byte,5,0.24769878387451172,4096,142.135708ms
BloscBlosclz,24,Byte,5,0.23116397857666016,16384,149.20825ms
BloscBlosclz,24,Byte,5,0.2723274230957031,32768,144.96925ms
BloscBlosclz,24,Byte,1,0.4139738082885742,1024,141.486166ms
BloscBlosclz,24,Byte,1,0.25843334197998047,4096,142.353375ms
BloscBlosclz,24,Byte,1,0.2641477584838867,16384,144.536208ms
BloscBlosclz,24,Byte,1,0.3189964294433594,32768,149.988208ms
BloscBlosclz,24,Byte,5,0.3807048797607422,1024,139.21625ms
BloscBlosclz,24,Byte,5,0.24769878387451172,4096,141.663834ms
BloscBlosclz,24,Byte,5,0.23116397857666016,16384,144.054584ms
BloscBlosclz,24,Byte,5,0.2723274230957031,32768,143.162875ms
BloscBlosclz,24,Byte,9,0.3807048797607422,1024,139.538166ms
BloscBlosclz,24,Byte,9,0.23257160186767578,4096,141.708708ms
BloscBlosclz,24,Byte,9,0.23050498962402344,16384,141.977292ms
BloscBlosclz,24,Byte,9,0.26471900939941406,32768,145.5795ms
BloscBlosclz,1,Bit,5,0.29294490814208984,1024,141.549875ms
BloscBlosclz,1,Bit,5,0.22807693481445312,4096,148.022042ms
BloscBlosclz,1,Bit,5,0.22716999053955078,16384,147.938917ms
BloscBlosclz,1,Bit,5,0.26917266845703125,32768,150.984958ms
BloscBlosclz,1,Bit,1,0.3483753204345703,1024,146.8415ms
BloscBlosclz,1,Bit,1,0.2248516082763672,4096,148.142667ms
BloscBlosclz,1,Bit,1,0.23414897918701172,16384,152.43925ms
BloscBlosclz,1,Bit,1,0.27988338470458984,32768,158.828417ms
BloscBlosclz,1,Bit,5,0.29294490814208984,1024,145.753666ms
BloscBlosclz,1,Bit,5,0.22807693481445312,4096,147.976333ms
BloscBlosclz,1,Bit,5,0.22716999053955078,16384,150.107042ms
BloscBlosclz,1,Bit,5,0.26917266845703125,32768,151.034459ms
BloscBlosclz,1,Bit,9,0.2929067611694336,1024,141.157666ms
BloscBlosclz,1,Bit,9,0.2263336181640625,4096,142.407625ms
BloscBlosclz,1,Bit,9,0.2271432876586914,16384,146.174ms
BloscBlosclz,1,Bit,9,0.2632026672363281,32768,156.288916ms
BloscBlosclz,12,Bit,5,0.29294490814208984,1024,140.509792ms
BloscBlosclz,12,Bit,5,0.22807693481445312,4096,141.877917ms
BloscBlosclz,12,Bit,5,0.22716999053955078,16384,144.653875ms
BloscBlosclz,12,Bit,5,0.26917266845703125,32768,151.930542ms
BloscBlosclz,12,Bit,1,0.3483753204345703,1024,141.726083ms
BloscBlosclz,12,Bit,1,0.2248516082763672,4096,141.024459ms
BloscBlosclz,12,Bit,1,0.23414897918701172,16384,143.353833ms
BloscBlosclz,12,Bit,1,0.27988338470458984,32768,154.053625ms
BloscBlosclz,12,Bit,5,0.29294490814208984,1024,145.964542ms
BloscBlosclz,12,Bit,5,0.22807693481445312,4096,143.84025ms
BloscBlosclz,12,Bit,5,0.22716999053955078,16384,147.394ms
BloscBlosclz,12,Bit,5,0.26917266845703125,32768,152.026833ms
BloscBlosclz,12,Bit,9,0.2929067611694336,1024,141.248375ms
BloscBlosclz,12,Bit,9,0.2263336181640625,4096,140.820167ms
BloscBlosclz,12,Bit,9,0.2271432876586914,16384,145.372292ms
BloscBlosclz,12,Bit,9,0.2632026672363281,32768,153.29325ms
BloscBlosclz,24,Bit,5,0.29294490814208984,1024,141.231833ms
BloscBlosclz,24,Bit,5,0.22807693481445312,4096,142.128041ms
BloscBlosclz,24,Bit,5,0.22716999053955078,16384,146.199375ms
BloscBlosclz,24,Bit,5,0.26917266845703125,32768,152.336417ms
BloscBlosclz,24,Bit,1,0.3483753204345703,1024,148.631083ms
BloscBlosclz,24,Bit,1,0.2248516082763672,4096,140.651625ms
BloscBlosclz,24,Bit,1,0.23414897918701172,16384,150.821417ms
BloscBlosclz,24,Bit,1,0.27988338470458984,32768,156.384708ms
BloscBlosclz,24,Bit,5,0.29294490814208984,1024,150.389875ms
BloscBlosclz,24,Bit,5,0.22807693481445312,4096,152.060458ms
BloscBlosclz,24,Bit,5,0.22716999053955078,16384,155.029292ms
BloscBlosclz,24,Bit,5,0.26917266845703125,32768,164.566584ms
BloscBlosclz,24,Bit,9,0.2929067611694336,1024,149.829375ms
BloscBlosclz,24,Bit,9,0.2263336181640625,4096,160.206417ms
BloscBlosclz,24,Bit,9,0.2271432876586914,16384,153.03425ms
BloscBlosclz,24,Bit,9,0.265838623046875,32768,180.886208ms
BloscBlosclz,1,Byte,5,0.3807048797607422,1024,150.227042ms
BloscBlosclz,1,Byte,5,0.24769878387451172,4096,146.62275ms
BloscBlosclz,1,Byte,5,0.23116397857666016,16384,150.758458ms
BloscBlosclz,1,Byte,5,0.2723274230957031,32768,156.854916ms
BloscBlosclz,1,Byte,1,0.4139738082885742,1024,145.75275ms
BloscBlosclz,1,Byte,1,0.25843334197998047,4096,144.097334ms
BloscBlosclz,1,Byte,1,0.2641477584838867,16384,149.673458ms
BloscBlosclz,1,Byte,1,0.31223011016845703,32768,160.732334ms
BloscBlosclz,1,Byte,5,0.3807048797607422,1024,146.164375ms
BloscBlosclz,1,Byte,5,0.24769878387451172,4096,144.027125ms
BloscBlosclz,1,Byte,5,0.23116397857666016,16384,145.816208ms
BloscBlosclz,1,Byte,5,0.2730216979980469,32768,148.777417ms
BloscBlosclz,1,Byte,9,0.3807048797607422,1024,146.979666ms
BloscBlosclz,1,Byte,9,0.23257160186767578,4096,150.133125ms
BloscBlosclz,1,Byte,9,0.23050498962402344,16384,145.990667ms
BloscBlosclz,1,Byte,9,0.26471900939941406,32768,151.976959ms
BloscBlosclz,12,Byte,5,0.3807048797607422,1024,153.300792ms
BloscBlosclz,12,Byte,5,0.24769878387451172,4096,148.278125ms
BloscBlosclz,12,Byte,5,0.23116397857666016,16384,149.705667ms
BloscBlosclz,12,Byte,5,0.2723274230957031,32768,150.200834ms
BloscBlosclz,12,Byte,1,0.4139738082885742,1024,149.028875ms
BloscBlosclz,12,Byte,1,0.25843334197998047,4096,147.936292ms
BloscBlosclz,12,Byte,1,0.2641477584838867,16384,155.765208ms
BloscBlosclz,12,Byte,1,0.3189964294433594,32768,158.386791ms
BloscBlosclz,12,Byte,5,0.3807048797607422,1024,153.534917ms
BloscBlosclz,12,Byte,5,0.24769878387451172,4096,155.450166ms
BloscBlosclz,12,Byte,5,0.23116397857666016,16384,154.390667ms
BloscBlosclz,12,Byte,5,0.2723274230957031,32768,157.070083ms
BloscBlosclz,12,Byte,9,0.3807048797607422,1024,153.727084ms
BloscBlosclz,12,Byte,9,0.23257160186767578,4096,145.022125ms
BloscBlosclz,12,Byte,9,0.23050498962402344,16384,148.318209ms
BloscBlosclz,12,Byte,9,0.26471900939941406,32768,150.834375ms
BloscBlosclz,24,Byte,5,0.3807048797607422,1024,142.140209ms
BloscBlosclz,24,Byte,5,0.24769878387451172,4096,142.211417ms
BloscBlosclz,24,Byte,5,0.23116397857666016,16384,154.020625ms
BloscBlosclz,24,Byte,5,0.2723274230957031,32768,150.830875ms
BloscBlosclz,24,Byte,1,0.4139738082885742,1024,145.154292ms
BloscBlosclz,24,Byte,1,0.25843334197998047,4096,143.732834ms
BloscBlosclz,24,Byte,1,0.2641477584838867,16384,146.779541ms
BloscBlosclz,24,Byte,1,0.3189964294433594,32768,150.06875ms
BloscBlosclz,24,Byte,5,0.3807048797607422,1024,143.350958ms
BloscBlosclz,24,Byte,5,0.24769878387451172,4096,141.03075ms
BloscBlosclz,24,Byte,5,0.23116397857666016,16384,145.474958ms
BloscBlosclz,24,Byte,5,0.2723274230957031,32768,150.081541ms
BloscBlosclz,24,Byte,9,0.3807048797607422,1024,146.533083ms
BloscBlosclz,24,Byte,9,0.23257160186767578,4096,147.967084ms
BloscBlosclz,24,Byte,9,0.23050498962402344,16384,145.56875ms
BloscBlosclz,24,Byte,9,0.26471900939941406,32768,146.249541ms
BloscSnappy,1,Byte,5,1.1131744384765625,1024,147.641375ms
BloscSnappy,1,Byte,5,1.167724609375,4096,144.966375ms
BloscSnappy,1,Byte,5,1.386810302734375,16384,146.14025ms
BloscSnappy,1,Byte,5,1.636810302734375,32768,148.299417ms
BloscSnappy,1,Byte,1,1.1131744384765625,1024,144.302583ms
BloscSnappy,1,Byte,1,1.167724609375,4096,145.888834ms
BloscSnappy,1,Byte,1,1.386810302734375,16384,145.179208ms
BloscSnappy,1,Byte,1,1.636810302734375,32768,145.568833ms
BloscSnappy,1,Byte,5,1.1131744384765625,1024,145.184042ms
BloscSnappy,1,Byte,5,1.167724609375,4096,155.215875ms
BloscSnappy,1,Byte,5,1.386810302734375,16384,155.736625ms
BloscSnappy,1,Byte,5,1.636810302734375,32768,153.433833ms
BloscSnappy,1,Byte,9,1.1131744384765625,1024,155.122417ms
BloscSnappy,1,Byte,9,1.167724609375,4096,155.531959ms
BloscSnappy,1,Byte,9,1.386810302734375,16384,152.731333ms
BloscSnappy,1,Byte,9,1.636810302734375,32768,144.019375ms
BloscSnappy,12,Byte,5,1.1131744384765625,1024,146.11125ms
BloscSnappy,12,Byte,5,1.167724609375,4096,145.069875ms
BloscSnappy,12,Byte,5,1.386810302734375,16384,145.043542ms
BloscSnappy,12,Byte,5,1.636810302734375,32768,146.714208ms
BloscSnappy,12,Byte,1,1.1131744384765625,1024,147.1835ms
BloscSnappy,12,Byte,1,1.167724609375,4096,150.279125ms
BloscSnappy,12,Byte,1,1.386810302734375,16384,154.808208ms
BloscSnappy,12,Byte,1,1.636810302734375,32768,151.634ms
BloscSnappy,12,Byte,5,1.1131744384765625,1024,155.60975ms
BloscSnappy,12,Byte,5,1.167724609375,4096,155.028792ms
BloscSnappy,12,Byte,5,1.386810302734375,16384,146.380583ms
BloscSnappy,12,Byte,5,1.636810302734375,32768,145.457334ms
BloscSnappy,12,Byte,9,1.1131744384765625,1024,142.369792ms
BloscSnappy,12,Byte,9,1.167724609375,4096,145.55075ms
BloscSnappy,12,Byte,9,1.386810302734375,16384,142.32475ms
BloscSnappy,12,Byte,9,1.636810302734375,32768,144.963083ms
BloscSnappy,24,Byte,5,1.1131744384765625,1024,147.040958ms
BloscSnappy,24,Byte,5,1.167724609375,4096,145.740292ms
BloscSnappy,24,Byte,5,1.386810302734375,16384,146.134833ms
BloscSnappy,24,Byte,5,1.636810302734375,32768,144.419084ms
BloscSnappy,24,Byte,1,1.1131744384765625,1024,144.479333ms
BloscSnappy,24,Byte,1,1.167724609375,4096,144.887708ms
BloscSnappy,24,Byte,1,1.386810302734375,16384,146.66425ms
BloscSnappy,24,Byte,1,1.636810302734375,32768,148.562084ms
BloscSnappy,24,Byte,5,1.1131744384765625,1024,147.703ms
BloscSnappy,24,Byte,5,1.167724609375,4096,152.965209ms
BloscSnappy,24,Byte,5,1.386810302734375,16384,169.88075ms
BloscSnappy,24,Byte,5,1.636810302734375,32768,178.184792ms
BloscSnappy,24,Byte,9,1.1131744384765625,1024,171.131083ms
BloscSnappy,24,Byte,9,1.167724609375,4096,163.99175ms
BloscSnappy,24,Byte,9,1.386810302734375,16384,154.9995ms
BloscSnappy,24,Byte,9,1.636810302734375,32768,155.419291ms
BloscSnappy,1,Bit,5,1.1131744384765625,1024,148.566584ms
BloscSnappy,1,Bit,5,1.167724609375,4096,148.656833ms
BloscSnappy,1,Bit,5,1.386810302734375,16384,144.07075ms
BloscSnappy,1,Bit,5,1.636810302734375,32768,145.127667ms
BloscSnappy,1,Bit,1,1.1131744384765625,1024,148.943875ms
BloscSnappy,1,Bit,1,1.167724609375,4096,149.122667ms
BloscSnappy,1,Bit,1,1.386810302734375,16384,154.295666ms
BloscSnappy,1,Bit,1,1.636810302734375,32768,146.878417ms
BloscSnappy,1,Bit,5,1.1131744384765625,1024,143.852ms
BloscSnappy,1,Bit,5,1.167724609375,4096,146.010708ms
BloscSnappy,1,Bit,5,1.386810302734375,16384,146.534542ms
BloscSnappy,1,Bit,5,1.636810302734375,32768,143.493208ms
BloscSnappy,1,Bit,9,1.1131744384765625,1024,145.829541ms
BloscSnappy,1,Bit,9,1.167724609375,4096,143.673875ms
BloscSnappy,1,Bit,9,1.386810302734375,16384,144.066083ms
BloscSnappy,1,Bit,9,1.636810302734375,32768,143.578584ms
BloscSnappy,12,Bit,5,1.1131744384765625,1024,143.62925ms
BloscSnappy,12,Bit,5,1.167724609375,4096,143.707209ms
BloscSnappy,12,Bit,5,1.386810302734375,16384,146.613875ms
BloscSnappy,12,Bit,5,1.636810302734375,32768,144.2285ms
BloscSnappy,12,Bit,1,1.1131744384765625,1024,143.862916ms
BloscSnappy,12,Bit,1,1.167724609375,4096,143.198208ms
BloscSnappy,12,Bit,1,1.386810302734375,16384,144.175416ms
BloscSnappy,12,Bit,1,1.636810302734375,32768,144.811834ms
BloscSnappy,12,Bit,5,1.1131744384765625,1024,144.72175ms
BloscSnappy,12,Bit,5,1.167724609375,4096,143.886791ms
BloscSnappy,12,Bit,5,1.386810302734375,16384,145.291666ms
BloscSnappy,12,Bit,5,1.636810302734375,32768,148.158333ms
BloscSnappy,12,Bit,9,1.1131744384765625,1024,154.410667ms
BloscSnappy,12,Bit,9,1.167724609375,4096,152.363ms
BloscSnappy,12,Bit,9,1.386810302734375,16384,150.368083ms
BloscSnappy,12,Bit,9,1.636810302734375,32768,154.571916ms
BloscSnappy,24,Bit,5,1.1131744384765625,1024,151.864708ms
BloscSnappy,24,Bit,5,1.167724609375,4096,153.359792ms
BloscSnappy,24,Bit,5,1.386810302734375,16384,144.343333ms
BloscSnappy,24,Bit,5,1.636810302734375,32768,143.924833ms
BloscSnappy,24,Bit,1,1.1131744384765625,1024,143.22325ms
BloscSnappy,24,Bit,1,1.167724609375,4096,144.648708ms
BloscSnappy,24,Bit,1,1.386810302734375,16384,146.883083ms
BloscSnappy,24,Bit,1,1.636810302734375,32768,144.005167ms
BloscSnappy,24,Bit,5,1.1131744384765625,1024,144.59175ms
BloscSnappy,24,Bit,5,1.167724609375,4096,143.850709ms
BloscSnappy,24,Bit,5,1.386810302734375,16384,146.575333ms
BloscSnappy,24,Bit,5,1.636810302734375,32768,144.8715ms
BloscSnappy,24,Bit,9,1.1131744384765625,1024,145.844708ms
BloscSnappy,24,Bit,9,1.167724609375,4096,144.724125ms
BloscSnappy,24,Bit,9,1.386810302734375,16384,143.289209ms
BloscSnappy,24,Bit,9,1.636810302734375,32768,147.521083ms
BloscSnappy,1,Byte,5,1.1131744384765625,1024,144.996834ms
BloscSnappy,1,Byte,5,1.167724609375,4096,144.666ms
BloscSnappy,1,Byte,5,1.386810302734375,16384,145.629083ms
BloscSnappy,1,Byte,5,1.636810302734375,32768,145.937125ms
BloscSnappy,1,Byte,1,1.1131744384765625,1024,143.975541ms
BloscSnappy,1,Byte,1,1.167724609375,4096,143.238459ms
BloscSnappy,1,Byte,1,1.386810302734375,16384,143.69ms
BloscSnappy,1,Byte,1,1.636810302734375,32768,145.307167ms
BloscSnappy,1,Byte,5,1.1131744384765625,1024,144.719917ms
BloscSnappy,1,Byte,5,1.167724609375,4096,144.878208ms
BloscSnappy,1,Byte,5,1.386810302734375,16384,146.865333ms
BloscSnappy,1,Byte,5,1.636810302734375,32768,144.252208ms
BloscSnappy,1,Byte,9,1.1131744384765625,1024,144.237417ms
BloscSnappy,1,Byte,9,1.167724609375,4096,143.599417ms
BloscSnappy,1,Byte,9,1.386810302734375,16384,153.229625ms
BloscSnappy,1,Byte,9,1.636810302734375,32768,155.309417ms
BloscSnappy,12,Byte,5,1.1131744384765625,1024,152.239458ms
BloscSnappy,12,Byte,5,1.167724609375,4096,153.311875ms
BloscSnappy,12,Byte,5,1.386810302734375,16384,153.071541ms
BloscSnappy,12,Byte,5,1.636810302734375,32768,152.897833ms
BloscSnappy,12,Byte,1,1.1131744384765625,1024,144.723084ms
BloscSnappy,12,Byte,1,1.167724609375,4096,147.040875ms
BloscSnappy,12,Byte,1,1.386810302734375,16384,148.240292ms
BloscSnappy,12,Byte,1,1.636810302734375,32768,150.475958ms
BloscSnappy,12,Byte,5,1.1131744384765625,1024,153.71125ms
BloscSnappy,12,Byte,5,1.167724609375,4096,139.34775ms
BloscSnappy,12,Byte,5,1.386810302734375,16384,153.905459ms
BloscSnappy,12,Byte,5,1.636810302734375,32768,152.222292ms
BloscSnappy,12,Byte,9,1.1131744384765625,1024,154.799875ms
BloscSnappy,12,Byte,9,1.167724609375,4096,153.105291ms
BloscSnappy,12,Byte,9,1.386810302734375,16384,154.165917ms
BloscSnappy,12,Byte,9,1.636810302734375,32768,146.959791ms
BloscSnappy,24,Byte,5,1.1131744384765625,1024,160.029667ms
BloscSnappy,24,Byte,5,1.167724609375,4096,144.430334ms
BloscSnappy,24,Byte,5,1.386810302734375,16384,144.258208ms
BloscSnappy,24,Byte,5,1.636810302734375,32768,146.735042ms
BloscSnappy,24,Byte,1,1.1131744384765625,1024,142.098417ms
BloscSnappy,24,Byte,1,1.167724609375,4096,142.544458ms
BloscSnappy,24,Byte,1,1.386810302734375,16384,141.428583ms
BloscSnappy,24,Byte,1,1.636810302734375,32768,142.208708ms
BloscSnappy,24,Byte,5,1.1131744384765625,1024,139.813334ms
BloscSnappy,24,Byte,5,1.167724609375,4096,142.637541ms
BloscSnappy,24,Byte,5,1.386810302734375,16384,140.648333ms
BloscSnappy,24,Byte,5,1.636810302734375,32768,141.29625ms
BloscSnappy,24,Byte,9,1.1131744384765625,1024,140.341958ms
BloscSnappy,24,Byte,9,1.167724609375,4096,140.010792ms
BloscSnappy,24,Byte,9,1.386810302734375,16384,140.161209ms
BloscSnappy,24,Byte,9,1.636810302734375,32768,139.797958ms
BloscZlib,1,Byte,5,0.2849559783935547,1024,156.9945ms
BloscZlib,1,Byte,5,0.2028045654296875,4096,158.212083ms
BloscZlib,1,Byte,5,0.17776870727539062,16384,190.97025ms
BloscZlib,1,Byte,5,0.1931324005126953,32768,328.554334ms
BloscZlib,1,Byte,1,0.29074859619140625,1024,151.662625ms
BloscZlib,1,Byte,1,0.21287059783935547,4096,147.824041ms
BloscZlib,1,Byte,1,0.19020366668701172,16384,156.615416ms
BloscZlib,1,Byte,1,0.20786571502685547,32768,182.914209ms
BloscZlib,1,Byte,5,0.2849559783935547,1024,151.650834ms
BloscZlib,1,Byte,5,0.2028045654296875,4096,148.388709ms
BloscZlib,1,Byte,5,0.17776870727539062,16384,184.114208ms
BloscZlib,1,Byte,5,0.1931324005126953,32768,316.002292ms
BloscZlib,1,Byte,9,0.28493404388427734,1024,143.918458ms
BloscZlib,1,Byte,9,0.2024822235107422,4096,153.116917ms
BloscZlib,1,Byte,9,0.1767568588256836,16384,189.744459ms
BloscZlib,1,Byte,9,0.1909465789794922,32768,318.641875ms
BloscZlib,12,Byte,5,0.2849559783935547,1024,144.288208ms
BloscZlib,12,Byte,5,0.2028045654296875,4096,153.051875ms
BloscZlib,12,Byte,5,0.17776870727539062,16384,177.127625ms
BloscZlib,12,Byte,5,0.1931324005126953,32768,298.062916ms
BloscZlib,12,Byte,1,0.29074859619140625,1024,139.912792ms
BloscZlib,12,Byte,1,0.21287059783935547,4096,143.225958ms
BloscZlib,12,Byte,1,0.19020366668701172,16384,149.851542ms
BloscZlib,12,Byte,1,0.20786571502685547,32768,168.014041ms
BloscZlib,12,Byte,5,0.2849559783935547,1024,142.74075ms
BloscZlib,12,Byte,5,0.2028045654296875,4096,147.457125ms
BloscZlib,12,Byte,5,0.17776870727539062,16384,179.867417ms
BloscZlib,12,Byte,5,0.1931324005126953,32768,312.723208ms
BloscZlib,12,Byte,9,0.28493404388427734,1024,149.454584ms
BloscZlib,12,Byte,9,0.2024822235107422,4096,157.106708ms
BloscZlib,12,Byte,9,0.1767568588256836,16384,192.473541ms
BloscZlib,12,Byte,9,0.1909465789794922,32768,329.988ms
BloscZlib,24,Byte,5,0.2849559783935547,1024,152.102125ms
BloscZlib,24,Byte,5,0.2028045654296875,4096,155.365166ms
BloscZlib,24,Byte,5,0.17776870727539062,16384,189.750584ms
BloscZlib,24,Byte,5,0.1931324005126953,32768,294.741708ms
BloscZlib,24,Byte,1,0.29074859619140625,1024,160.468833ms
BloscZlib,24,Byte,1,0.21287059783935547,4096,145.358833ms
BloscZlib,24,Byte,1,0.19020366668701172,16384,151.958708ms
BloscZlib,24,Byte,1,0.20786571502685547,32768,187.538542ms
BloscZlib,24,Byte,5,0.2849559783935547,1024,146.125708ms
BloscZlib,24,Byte,5,0.2028045654296875,4096,150.843458ms
BloscZlib,24,Byte,5,0.17776870727539062,16384,186.905333ms
BloscZlib,24,Byte,5,0.1931324005126953,32768,305.174167ms
BloscZlib,24,Byte,9,0.28493404388427734,1024,150.642125ms
BloscZlib,24,Byte,9,0.2024822235107422,4096,148.836417ms
BloscZlib,24,Byte,9,0.1767568588256836,16384,192.802084ms
BloscZlib,24,Byte,9,0.1909465789794922,32768,336ms
BloscZlib,1,Bit,5,0.25139808654785156,1024,157.610041ms
BloscZlib,1,Bit,5,0.18888473510742188,4096,145.46ms
BloscZlib,1,Bit,5,0.18673992156982422,16384,190.5115ms
BloscZlib,1,Bit,5,0.21473121643066406,32768,342.95975ms
BloscZlib,1,Bit,1,0.2617816925048828,1024,145.994625ms
BloscZlib,1,Bit,1,0.19951820373535156,4096,149.697667ms
BloscZlib,1,Bit,1,0.19872379302978516,16384,158.748916ms
BloscZlib,1,Bit,1,0.22890377044677734,32768,219.572584ms
BloscZlib,1,Bit,5,0.25139808654785156,1024,150.211583ms
BloscZlib,1,Bit,5,0.18888473510742188,4096,151.7165ms
BloscZlib,1,Bit,5,0.18673992156982422,16384,200.526416ms
BloscZlib,1,Bit,5,0.21473121643066406,32768,345.835125ms
BloscZlib,1,Bit,9,0.24987411499023438,1024,143.384458ms
BloscZlib,1,Bit,9,0.18794822692871094,4096,147.976209ms
BloscZlib,1,Bit,9,0.18491172790527344,16384,257.708333ms
BloscZlib,1,Bit,9,0.2115182876586914,32768,454.628375ms
BloscZlib,12,Bit,5,0.25139808654785156,1024,144.646958ms
BloscZlib,12,Bit,5,0.18888473510742188,4096,148.497083ms
BloscZlib,12,Bit,5,0.18673992156982422,16384,199.343ms
BloscZlib,12,Bit,5,0.21473121643066406,32768,363.581ms
BloscZlib,12,Bit,1,0.2617816925048828,1024,163.13025ms
BloscZlib,12,Bit,1,0.19951820373535156,4096,153.484875ms
BloscZlib,12,Bit,1,0.19872379302978516,16384,163.003167ms
BloscZlib,12,Bit,1,0.22890377044677734,32768,221.401708ms
BloscZlib,12,Bit,5,0.25139808654785156,1024,152.543875ms
BloscZlib,12,Bit,5,0.18888473510742188,4096,160.799125ms
BloscZlib,12,Bit,5,0.18673992156982422,16384,200.226959ms
BloscZlib,12,Bit,5,0.21473121643066406,32768,352.135333ms
BloscZlib,12,Bit,9,0.24987411499023438,1024,154.846708ms
BloscZlib,12,Bit,9,0.18794822692871094,4096,160.947084ms
BloscZlib,12,Bit,9,0.18491172790527344,16384,286.497709ms
BloscZlib,12,Bit,9,0.2115182876586914,32768,508.902125ms
BloscZlib,24,Bit,5,0.25139808654785156,1024,150.091333ms
BloscZlib,24,Bit,5,0.18888473510742188,4096,152.883083ms
BloscZlib,24,Bit,5,0.18673992156982422,16384,204.556709ms
BloscZlib,24,Bit,5,0.21473121643066406,32768,346.703ms
BloscZlib,24,Bit,1,0.2617816925048828,1024,151.420041ms
BloscZlib,24,Bit,1,0.19951820373535156,4096,155.233709ms
BloscZlib,24,Bit,1,0.19872379302978516,16384,165.777ms
BloscZlib,24,Bit,1,0.22890377044677734,32768,242.491375ms
BloscZlib,24,Bit,5,0.25139808654785156,1024,154.787333ms
BloscZlib,24,Bit,5,0.18888473510742188,4096,148.5355ms
BloscZlib,24,Bit,5,0.18673992156982422,16384,194.984667ms
BloscZlib,24,Bit,5,0.21473121643066406,32768,345.457584ms
BloscZlib,24,Bit,9,0.24987411499023438,1024,146.080875ms
BloscZlib,24,Bit,9,0.18794822692871094,4096,149.680958ms
BloscZlib,24,Bit,9,0.18491172790527344,16384,277.167167ms
BloscZlib,24,Bit,9,0.2115182876586914,32768,496.282708ms
BloscZlib,1,Byte,5,0.2849559783935547,1024,147.233584ms
BloscZlib,1,Byte,5,0.2028045654296875,4096,154.511958ms
BloscZlib,1,Byte,5,0.17776870727539062,16384,204.34775ms
BloscZlib,1,Byte,5,0.1931324005126953,32768,330.21325ms
BloscZlib,1,Byte,1,0.29074859619140625,1024,162.538833ms
BloscZlib,1,Byte,1,0.21287059783935547,4096,153.946417ms
BloscZlib,1,Byte,1,0.19020366668701172,16384,167.131541ms
BloscZlib,1,Byte,1,0.20786571502685547,32768,181.399708ms
BloscZlib,1,Byte,5,0.2849559783935547,1024,145.18125ms
BloscZlib,1,Byte,5,0.2028045654296875,4096,151.8695ms
BloscZlib,1,Byte,5,0.17776870727539062,16384,201.523ms
BloscZlib,1,Byte,5,0.1931324005126953,32768,313.308125ms
BloscZlib,1,Byte,9,0.28493404388427734,1024,148.454041ms
BloscZlib,1,Byte,9,0.2024822235107422,4096,152.238458ms
BloscZlib,1,Byte,9,0.1767568588256836,16384,184.517459ms
BloscZlib,1,Byte,9,0.1909465789794922,32768,319.983667ms
BloscZlib,12,Byte,5,0.2849559783935547,1024,143.295375ms
BloscZlib,12,Byte,5,0.2028045654296875,4096,147.393917ms
BloscZlib,12,Byte,5,0.17776870727539062,16384,180.808167ms
BloscZlib,12,Byte,5,0.1931324005126953,32768,296.596541ms
BloscZlib,12,Byte,1,0.29074859619140625,1024,143.907292ms
BloscZlib,12,Byte,1,0.21287059783935547,4096,146.107917ms
BloscZlib,12,Byte,1,0.19020366668701172,16384,149.558ms
BloscZlib,12,Byte,1,0.20786571502685547,32768,178.033ms
BloscZlib,12,Byte,5,0.2849559783935547,1024,145.895916ms
BloscZlib,12,Byte,5,0.2028045654296875,4096,147.537208ms
BloscZlib,12,Byte,5,0.17776870727539062,16384,180.909041ms
BloscZlib,12,Byte,5,0.1931324005126953,32768,294.802291ms
BloscZlib,12,Byte,9,0.28493404388427734,1024,141.601666ms
BloscZlib,12,Byte,9,0.2024822235107422,4096,154.666792ms
BloscZlib,12,Byte,9,0.1767568588256836,16384,202.287667ms
BloscZlib,12,Byte,9,0.1909465789794922,32768,337.255833ms
BloscZlib,24,Byte,5,0.2849559783935547,1024,166.994167ms
BloscZlib,24,Byte,5,0.2028045654296875,4096,159.261708ms
BloscZlib,24,Byte,5,0.17776870727539062,16384,195.281625ms
BloscZlib,24,Byte,5,0.1931324005126953,32768,310.591875ms
BloscZlib,24,Byte,1,0.29074859619140625,1024,160.444625ms
BloscZlib,24,Byte,1,0.21287059783935547,4096,144.758083ms
BloscZlib,24,Byte,1,0.19020366668701172,16384,159.34575ms
BloscZlib,24,Byte,1,0.20786571502685547,32768,185.97675ms
BloscZlib,24,Byte,5,0.2849559783935547,1024,169.213541ms
BloscZlib,24,Byte,5,0.2028045654296875,4096,148.258583ms
BloscZlib,24,Byte,5,0.17776870727539062,16384,206.642333ms
BloscZlib,24,Byte,5,0.1931324005126953,32768,345.077709ms
BloscZlib,24,Byte,9,0.28493404388427734,1024,155.772ms
BloscZlib,24,Byte,9,0.2024822235107422,4096,150.459ms
BloscZlib,24,Byte,9,0.1767568588256836,16384,180.290083ms
BloscZlib,24,Byte,9,0.1909465789794922,32768,345.769209ms
BloscLz4,1,Byte,5,0.3272256851196289,1024,139.064834ms
BloscLz4,1,Byte,5,0.2580089569091797,4096,141.279208ms
BloscLz4,1,Byte,5,0.2406759262084961,16384,141.362ms
BloscLz4,1,Byte,5,0.26952648162841797,32768,142.984083ms
BloscLz4,1,Byte,1,0.34537315368652344,1024,140.684334ms
BloscLz4,1,Byte,1,0.2720918655395508,4096,140.897542ms
BloscLz4,1,Byte,1,0.24976634979248047,16384,141.407959ms
BloscLz4,1,Byte,1,0.3010368347167969,32768,141.792417ms
BloscLz4,1,Byte,5,0.3272256851196289,1024,142.678167ms
BloscLz4,1,Byte,5,0.2580089569091797,4096,144.955584ms
BloscLz4,1,Byte,5,0.2406759262084961,16384,148.13925ms
BloscLz4,1,Byte,5,0.26952648162841797,32768,149.159458ms
BloscLz4,1,Byte,9,0.29407405853271484,1024,144.854375ms
BloscLz4,1,Byte,9,0.2347726821899414,4096,145.232625ms
BloscLz4,1,Byte,9,0.22574520111083984,16384,144.4795ms
BloscLz4,1,Byte,9,0.2546806335449219,32768,145.557041ms
BloscLz4,12,Byte,5,0.3272256851196289,1024,140.153917ms
BloscLz4,12,Byte,5,0.2580089569091797,4096,141.62225ms
BloscLz4,12,Byte,5,0.2406759262084961,16384,142.232541ms
BloscLz4,12,Byte,5,0.26952648162841797,32768,141.545833ms
BloscLz4,12,Byte,1,0.34537315368652344,1024,149.320833ms
BloscLz4,12,Byte,1,0.2720918655395508,4096,144.05ms
BloscLz4,12,Byte,1,0.24976634979248047,16384,141.811417ms
BloscLz4,12,Byte,1,0.3010368347167969,32768,149.074041ms
BloscLz4,12,Byte,5,0.3272256851196289,1024,139.420709ms
BloscLz4,12,Byte,5,0.2580089569091797,4096,141.858042ms
BloscLz4,12,Byte,5,0.2406759262084961,16384,138.233917ms
BloscLz4,12,Byte,5,0.26952648162841797,32768,141.536875ms
BloscLz4,12,Byte,9,0.29407405853271484,1024,138.629292ms
BloscLz4,12,Byte,9,0.2347726821899414,4096,137.542916ms
BloscLz4,12,Byte,9,0.22574520111083984,16384,141.028583ms
BloscLz4,12,Byte,9,0.2546806335449219,32768,143.476125ms
BloscLz4,24,Byte,5,0.3272256851196289,1024,140.426ms
BloscLz4,24,Byte,5,0.2580089569091797,4096,140.11025ms
BloscLz4,24,Byte,5,0.2406759262084961,16384,139.466542ms
BloscLz4,24,Byte,5,0.26952648162841797,32768,141.721959ms
BloscLz4,24,Byte,1,0.34537315368652344,1024,141.858167ms
BloscLz4,24,Byte,1,0.2720918655395508,4096,141.230334ms
BloscLz4,24,Byte,1,0.24976634979248047,16384,141.270125ms
BloscLz4,24,Byte,1,0.3010368347167969,32768,148.118083ms
BloscLz4,24,Byte,5,0.3272256851196289,1024,140.252667ms
BloscLz4,24,Byte,5,0.2580089569091797,4096,138.763667ms
BloscLz4,24,Byte,5,0.2406759262084961,16384,138.426917ms
BloscLz4,24,Byte,5,0.26952648162841797,32768,145.323958ms
BloscLz4,24,Byte,9,0.29407405853271484,1024,146.518208ms
BloscLz4,24,Byte,9,0.2347726821899414,4096,146.181417ms
BloscLz4,24,Byte,9,0.22574520111083984,16384,147.698583ms
BloscLz4,24,Byte,9,0.2546806335449219,32768,151.813333ms
BloscLz4,1,Bit,5,0.32521724700927734,1024,144.855167ms
BloscLz4,1,Bit,5,0.23648357391357422,4096,144.019416ms
BloscLz4,1,Bit,5,0.2295207977294922,16384,143.299208ms
BloscLz4,1,Bit,5,0.2637453079223633,32768,147.996417ms
BloscLz4,1,Bit,1,0.34949588775634766,1024,140.746042ms
BloscLz4,1,Bit,1,0.25732994079589844,4096,142.538792ms
BloscLz4,1,Bit,1,0.2376117706298828,16384,142.106208ms
BloscLz4,1,Bit,1,0.2854623794555664,32768,146.928917ms
BloscLz4,1,Bit,5,0.32521724700927734,1024,139.271625ms
BloscLz4,1,Bit,5,0.23648357391357422,4096,140.760375ms
BloscLz4,1,Bit,5,0.2295207977294922,16384,144.6135ms
BloscLz4,1,Bit,5,0.2637453079223633,32768,148.462791ms
BloscLz4,1,Bit,9,0.2907886505126953,1024,141.063083ms
BloscLz4,1,Bit,9,0.22197628021240234,4096,141.443875ms
BloscLz4,1,Bit,9,0.2224445343017578,16384,142.225166ms
BloscLz4,1,Bit,9,0.2576560974121094,32768,147.570917ms
BloscLz4,12,Bit,5,0.32521724700927734,1024,139.793709ms
BloscLz4,12,Bit,5,0.23648357391357422,4096,138.909916ms
BloscLz4,12,Bit,5,0.2295207977294922,16384,143.433042ms
BloscLz4,12,Bit,5,0.2637453079223633,32768,148.010084ms
BloscLz4,12,Bit,1,0.34949588775634766,1024,140.25275ms
BloscLz4,12,Bit,1,0.25732994079589844,4096,138.6145ms
BloscLz4,12,Bit,1,0.2376117706298828,16384,145.495375ms
BloscLz4,12,Bit,1,0.2854623794555664,32768,150.146333ms
BloscLz4,12,Bit,5,0.32521724700927734,1024,140.635208ms
BloscLz4,12,Bit,5,0.23648357391357422,4096,140.937ms
BloscLz4,12,Bit,5,0.2295207977294922,16384,143.201125ms
BloscLz4,12,Bit,5,0.2637453079223633,32768,147.549541ms
BloscLz4,12,Bit,9,0.2907886505126953,1024,137.841417ms
BloscLz4,12,Bit,9,0.22197628021240234,4096,139.924542ms
BloscLz4,12,Bit,9,0.2224445343017578,16384,146.782875ms
BloscLz4,12,Bit,9,0.2576560974121094,32768,157.53425ms
BloscLz4,24,Bit,5,0.32521724700927734,1024,144.269333ms
BloscLz4,24,Bit,5,0.23648357391357422,4096,146.205708ms
BloscLz4,24,Bit,5,0.2295207977294922,16384,151.167833ms
BloscLz4,24,Bit,5,0.2637453079223633,32768,158.079ms
BloscLz4,24,Bit,1,0.34949588775634766,1024,144.649917ms
BloscLz4,24,Bit,1,0.25732994079589844,4096,140.57825ms
BloscLz4,24,Bit,1,0.2376117706298828,16384,143.811875ms
BloscLz4,24,Bit,1,0.2854623794555664,32768,151.24075ms
BloscLz4,24,Bit,5,0.32521724700927734,1024,141.859666ms
BloscLz4,24,Bit,5,0.23648357391357422,4096,139.127959ms
BloscLz4,24,Bit,5,0.2295207977294922,16384,141.932916ms
BloscLz4,24,Bit,5,0.2637453079223633,32768,149.732125ms
BloscLz4,24,Bit,9,0.2907886505126953,1024,139.72975ms
BloscLz4,24,Bit,9,0.22197628021240234,4096,139.0425ms
BloscLz4,24,Bit,9,0.2224445343017578,16384,145.059875ms
BloscLz4,24,Bit,9,0.2576560974121094,32768,148.210709ms
BloscLz4,1,Byte,5,0.3272256851196289,1024,140.064541ms
BloscLz4,1,Byte,5,0.2580089569091797,4096,139.770917ms
BloscLz4,1,Byte,5,0.2406759262084961,16384,141.242292ms
BloscLz4,1,Byte,5,0.26952648162841797,32768,144.797166ms
BloscLz4,1,Byte,1,0.34537315368652344,1024,141.283375ms
BloscLz4,1,Byte,1,0.2720918655395508,4096,140.9485ms
BloscLz4,1,Byte,1,0.24976634979248047,16384,140.340042ms
BloscLz4,1,Byte,1,0.3010368347167969,32768,141.430875ms
BloscLz4,1,Byte,5,0.3272256851196289,1024,140.645708ms
BloscLz4,1,Byte,5,0.2580089569091797,4096,141.004291ms
BloscLz4,1,Byte,5,0.2406759262084961,16384,140.555708ms
BloscLz4,1,Byte,5,0.26952648162841797,32768,142.421708ms
BloscLz4,1,Byte,9,0.29407405853271484,1024,139.26775ms
BloscLz4,1,Byte,9,0.2347726821899414,4096,138.719917ms
BloscLz4,1,Byte,9,0.22574520111083984,16384,139.45425ms
BloscLz4,1,Byte,9,0.2546806335449219,32768,143.9475ms
BloscLz4,12,Byte,5,0.3272256851196289,1024,142.381125ms
BloscLz4,12,Byte,5,0.2580089569091797,4096,145.823917ms
BloscLz4,12,Byte,5,0.2406759262084961,16384,148.058625ms
BloscLz4,12,Byte,5,0.26952648162841797,32768,150.527541ms
BloscLz4,12,Byte,1,0.34537315368652344,1024,145.92125ms
BloscLz4,12,Byte,1,0.2720918655395508,4096,144.920833ms
BloscLz4,12,Byte,1,0.24976634979248047,16384,146.707417ms
BloscLz4,12,Byte,1,0.3010368347167969,32768,148.637041ms
BloscLz4,12,Byte,5,0.3272256851196289,1024,140.630416ms
BloscLz4,12,Byte,5,0.2580089569091797,4096,142.3045ms
BloscLz4,12,Byte,5,0.2406759262084961,16384,141.275292ms
BloscLz4,12,Byte,5,0.26952648162841797,32768,143.441083ms
BloscLz4,12,Byte,9,0.29407405853271484,1024,139.130417ms
BloscLz4,12,Byte,9,0.2347726821899414,4096,153.42925ms
BloscLz4,12,Byte,9,0.22574520111083984,16384,140.431916ms
BloscLz4,12,Byte,9,0.2546806335449219,32768,145.045ms
BloscLz4,24,Byte,5,0.3272256851196289,1024,140.617375ms
BloscLz4,24,Byte,5,0.2580089569091797,4096,140.631375ms
BloscLz4,24,Byte,5,0.2406759262084961,16384,141.250917ms
BloscLz4,24,Byte,5,0.26952648162841797,32768,143.057041ms
BloscLz4,24,Byte,1,0.34537315368652344,1024,139.0485ms
BloscLz4,24,Byte,1,0.2720918655395508,4096,140.991916ms
BloscLz4,24,Byte,1,0.24976634979248047,16384,140.613125ms
BloscLz4,24,Byte,1,0.3010368347167969,32768,145.1715ms
BloscLz4,24,Byte,5,0.3272256851196289,1024,138.847542ms
BloscLz4,24,Byte,5,0.2580089569091797,4096,138.859834ms
BloscLz4,24,Byte,5,0.2406759262084961,16384,138.868167ms
BloscLz4,24,Byte,5,0.26952648162841797,32768,141.126ms
BloscLz4,24,Byte,9,0.29407405853271484,1024,139.852291ms
BloscLz4,24,Byte,9,0.2347726821899414,4096,139.713ms
BloscLz4,24,Byte,9,0.22574520111083984,16384,140.988834ms
BloscLz4,24,Byte,9,0.2546806335449219,32768,141.587458ms
Deflate,1,Byte,5,0.5010757446289062,1024,140.892542ms
Deflate,1,Byte,5,0.5177183151245117,4096,145.581667ms
Deflate,1,Byte,5,0.5792350769042969,16384,268.895125ms
Deflate,1,Byte,5,0.69915771484375,32768,524.589583ms
Deflate,1,Byte,1,0.5022077560424805,1024,147.605875ms
Deflate,1,Byte,1,0.4985637664794922,4096,148.648042ms
Deflate,1,Byte,1,0.5807027816772461,16384,162.6105ms
Deflate,1,Byte,1,0.7009315490722656,32768,228.417875ms
Deflate,1,Byte,5,0.5010757446289062,1024,142.473166ms
Deflate,1,Byte,5,0.5177183151245117,4096,146.445875ms
Deflate,1,Byte,5,0.5792350769042969,16384,269.993ms
Deflate,1,Byte,5,0.69915771484375,32768,501.358917ms
Deflate,1,Byte,9,0.5109872817993164,1024,209.79ms
Deflate,1,Byte,9,0.5290441513061523,4096,867.774541ms
Deflate,1,Byte,9,0.5922927856445312,16384,3.568849459s
Deflate,1,Byte,9,0.7147922515869141,32768,7.014184333s
Deflate,12,Byte,5,0.5010757446289062,1024,142.369208ms
Deflate,12,Byte,5,0.5177183151245117,4096,145.689834ms
Deflate,12,Byte,5,0.5792350769042969,16384,269.440708ms
Deflate,12,Byte,5,0.69915771484375,32768,498.782333ms
Deflate,12,Byte,1,0.5022077560424805,1024,144.099916ms
Deflate,12,Byte,1,0.4985637664794922,4096,148.278375ms
Deflate,12,Byte,1,0.5807027816772461,16384,162.628458ms
Deflate,12,Byte,1,0.7009315490722656,32768,238.375916ms
Deflate,12,Byte,5,0.5010757446289062,1024,150.735708ms
Deflate,12,Byte,5,0.5177183151245117,4096,151.8275ms
Deflate,12,Byte,5,0.5792350769042969,16384,274.962917ms
Deflate,12,Byte,5,0.69915771484375,32768,503.043167ms
Deflate,12,Byte,9,0.5109872817993164,1024,209.11125ms
Deflate,12,Byte,9,0.5290441513061523,4096,862.539333ms
Deflate,12,Byte,9,0.5922927856445312,16384,3.583394667s
Deflate,12,Byte,9,0.7147922515869141,32768,6.962111125s
Deflate,24,Byte,5,0.5010757446289062,1024,140.894792ms
Deflate,24,Byte,5,0.5177183151245117,4096,146.382333ms
Deflate,24,Byte,5,0.5792350769042969,16384,269.080208ms
Deflate,24,Byte,5,0.69915771484375,32768,502.415334ms
Deflate,24,Byte,1,0.5022077560424805,1024,139.450667ms
Deflate,24,Byte,1,0.4985637664794922,4096,140.617792ms
Deflate,24,Byte,1,0.5807027816772461,16384,151.831042ms
Deflate,24,Byte,1,0.7009315490722656,32768,230.623625ms
Deflate,24,Byte,5,0.5010757446289062,1024,149.650708ms
Deflate,24,Byte,5,0.5177183151245117,4096,155.316334ms
Deflate,24,Byte,5,0.5792350769042969,16384,284.113917ms
Deflate,24,Byte,5,0.69915771484375,32768,507.032ms
Deflate,24,Byte,9,0.5109872817993164,1024,209.416916ms
Deflate,24,Byte,9,0.5290441513061523,4096,853.210458ms
Deflate,24,Byte,9,0.5922927856445312,16384,3.498820541s
Deflate,24,Byte,9,0.7147922515869141,32768,6.959921208s
Deflate,1,Bit,5,0.5010757446289062,1024,140.502416ms
Deflate,1,Bit,5,0.5177183151245117,4096,145.821667ms
Deflate,1,Bit,5,0.5792350769042969,16384,270.639417ms
Deflate,1,Bit,5,0.69915771484375,32768,497.253708ms
Deflate,1,Bit,1,0.5022077560424805,1024,138.020667ms
Deflate,1,Bit,1,0.4985637664794922,4096,142.450375ms
Deflate,1,Bit,1,0.5807027816772461,16384,151.622ms
Deflate,1,Bit,1,0.7009315490722656,32768,226.408375ms
Deflate,1,Bit,5,0.5010757446289062,1024,140.8015ms
Deflate,1,Bit,5,0.5177183151245117,4096,145.643667ms
Deflate,1,Bit,5,0.5792350769042969,16384,270.360042ms
Deflate,1,Bit,5,0.69915771484375,32768,523.808583ms
Deflate,1,Bit,9,0.5109872817993164,1024,218.075792ms
Deflate,1,Bit,9,0.5290441513061523,4096,857.973458ms
Deflate,1,Bit,9,0.5922927856445312,16384,3.423710375s
Deflate,1,Bit,9,0.7147922515869141,32768,7.05137325s
Deflate,12,Bit,5,0.5010757446289062,1024,142.422834ms
Deflate,12,Bit,5,0.5177183151245117,4096,146.01825ms
Deflate,12,Bit,5,0.5792350769042969,16384,270.547875ms
Deflate,12,Bit,5,0.69915771484375,32768,494.895042ms
Deflate,12,Bit,1,0.5022077560424805,1024,138.8985ms
Deflate,12,Bit,1,0.4985637664794922,4096,137.838875ms
Deflate,12,Bit,1,0.5807027816772461,16384,151.467042ms
Deflate,12,Bit,1,0.7009315490722656,32768,227.32925ms
Deflate,12,Bit,5,0.5010757446289062,1024,144.332875ms
Deflate,12,Bit,5,0.5177183151245117,4096,144.235125ms
Deflate,12,Bit,5,0.5792350769042969,16384,267.857792ms
Deflate,12,Bit,5,0.69915771484375,32768,500.284125ms
Deflate,12,Bit,9,0.5109872817993164,1024,208.736334ms
Deflate,12,Bit,9,0.5290441513061523,4096,934.914959ms
Deflate,12,Bit,9,0.5922927856445312,16384,3.422148542s
Deflate,12,Bit,9,0.7147922515869141,32768,7.07005825s
Deflate,24,Bit,5,0.5010757446289062,1024,142.209917ms
Deflate,24,Bit,5,0.5177183151245117,4096,144.636583ms
Deflate,24,Bit,5,0.5792350769042969,16384,268.780292ms
Deflate,24,Bit,5,0.69915771484375,32768,495.66625ms
Deflate,24,Bit,1,0.5022077560424805,1024,138.432833ms
Deflate,24,Bit,1,0.4985637664794922,4096,139.436083ms
Deflate,24,Bit,1,0.5807027816772461,16384,152.059416ms
Deflate,24,Bit,1,0.7009315490722656,32768,228.12825ms
Deflate,24,Bit,5,0.5010757446289062,1024,142.062458ms
Deflate,24,Bit,5,0.5177183151245117,4096,145.5605ms
Deflate,24,Bit,5,0.5792350769042969,16384,271.1515ms
Deflate,24,Bit,5,0.69915771484375,32768,496.025209ms
Deflate,24,Bit,9,0.5109872817993164,1024,206.262583ms
Deflate,24,Bit,9,0.5290441513061523,4096,879.989916ms
Deflate,24,Bit,9,0.5922927856445312,16384,3.462485s
Deflate,24,Bit,9,0.7147922515869141,32768,7.04108725s
Deflate,1,Byte,5,0.5010757446289062,1024,143.854125ms
Deflate,1,Byte,5,0.5177183151245117,4096,147.6345ms
Deflate,1,Byte,5,0.5792350769042969,16384,268.643292ms
Deflate,1,Byte,5,0.69915771484375,32768,489.192375ms
Deflate,1,Byte,1,0.5022077560424805,1024,142.718167ms
Deflate,1,Byte,1,0.4985637664794922,4096,141.424709ms
Deflate,1,Byte,1,0.5807027816772461,16384,151.782583ms
Deflate,1,Byte,1,0.7009315490722656,32768,225.796917ms
Deflate,1,Byte,5,0.5010757446289062,1024,141.583041ms
Deflate,1,Byte,5,0.5177183151245117,4096,145.053542ms
Deflate,1,Byte,5,0.5792350769042969,16384,268.609625ms
Deflate,1,Byte,5,0.69915771484375,32768,494.659917ms
Deflate,1,Byte,9,0.5109872817993164,1024,203.507333ms
Deflate,1,Byte,9,0.5290441513061523,4096,849.508042ms
Deflate,1,Byte,9,0.5922927856445312,16384,3.513542875s
Deflate,1,Byte,9,0.7147922515869141,32768,6.947838834s
Deflate,12,Byte,5,0.5010757446289062,1024,150.091458ms
Deflate,12,Byte,5,0.5177183151245117,4096,154.891583ms
Deflate,12,Byte,5,0.5792350769042969,16384,281.494166ms
Deflate,12,Byte,5,0.69915771484375,32768,505.563708ms
Deflate,12,Byte,1,0.5022077560424805,1024,139.733916ms
Deflate,12,Byte,1,0.4985637664794922,4096,139.809625ms
Deflate,12,Byte,1,0.5807027816772461,16384,151.074875ms
Deflate,12,Byte,1,0.7009315490722656,32768,227.001209ms
Deflate,12,Byte,5,0.5010757446289062,1024,139.466666ms
Deflate,12,Byte,5,0.5177183151245117,4096,147.252833ms
Deflate,12,Byte,5,0.5792350769042969,16384,267.988916ms
Deflate,12,Byte,5,0.69915771484375,32768,499.6335ms
Deflate,12,Byte,9,0.5109872817993164,1024,207.223166ms
Deflate,12,Byte,9,0.5290441513061523,4096,849.671583ms
Deflate,12,Byte,9,0.5922927856445312,16384,3.513527541s
Deflate,12,Byte,9,0.7147922515869141,32768,6.956020083s
Deflate,24,Byte,5,0.5010757446289062,1024,139.755041ms
Deflate,24,Byte,5,0.5177183151245117,4096,144.781709ms
Deflate,24,Byte,5,0.5792350769042969,16384,270.783625ms
Deflate,24,Byte,5,0.69915771484375,32768,527.553ms
Deflate,24,Byte,1,0.5022077560424805,1024,146.712416ms
Deflate,24,Byte,1,0.4985637664794922,4096,148.117542ms
Deflate,24,Byte,1,0.5807027816772461,16384,158.131666ms
Deflate,24,Byte,1,0.7009315490722656,32768,229.4175ms
Deflate,24,Byte,5,0.5010757446289062,1024,140.359042ms
Deflate,24,Byte,5,0.5177183151245117,4096,146.836166ms
Deflate,24,Byte,5,0.5792350769042969,16384,270.300167ms
Deflate,24,Byte,5,0.69915771484375,32768,498.015833ms
Deflate,24,Byte,9,0.5109872817993164,1024,207.20725ms
Deflate,24,Byte,9,0.5290441513061523,4096,847.566125ms
Deflate,24,Byte,9,0.5922927856445312,16384,3.529944084s
Deflate,24,Byte,9,0.7147922515869141,32768,6.990904042s
BloscZstd,1,Byte,5,0.2600545883178711,1024,138.073875ms
BloscZstd,1,Byte,5,0.19075870513916016,4096,139.168083ms
BloscZstd,1,Byte,5,0.17671489715576172,16384,146.912708ms
BloscZstd,1,Byte,5,0.2090291976928711,32768,154.536875ms
BloscZstd,1,Byte,1,0.27164649963378906,1024,136.05425ms
BloscZstd,1,Byte,1,0.2430419921875,4096,139.143ms
BloscZstd,1,Byte,1,0.2575082778930664,16384,135.844541ms
BloscZstd,1,Byte,1,0.3367643356323242,32768,141.498584ms
BloscZstd,1,Byte,5,0.2600545883178711,1024,138.120292ms
BloscZstd,1,Byte,5,0.19075870513916016,4096,147.166792ms
BloscZstd,1,Byte,5,0.17671489715576172,16384,156.589375ms
BloscZstd,1,Byte,5,0.2090291976928711,32768,165.436125ms
BloscZstd,1,Byte,9,0.2520122528076172,1024,1.415770583s
BloscZstd,1,Byte,9,0.17741107940673828,4096,630.110792ms
BloscZstd,1,Byte,9,0.1357135772705078,16384,842.137375ms
BloscZstd,1,Byte,9,0.16079425811767578,32768,1.54639325s
BloscZstd,12,Byte,5,0.2600545883178711,1024,140.986875ms
BloscZstd,12,Byte,5,0.19075870513916016,4096,149.068ms
BloscZstd,12,Byte,5,0.17671489715576172,16384,154.887792ms
BloscZstd,12,Byte,5,0.2090291976928711,32768,161.329792ms
BloscZstd,12,Byte,1,0.27164649963378906,1024,145.047667ms
BloscZstd,12,Byte,1,0.2430419921875,4096,147.737458ms
BloscZstd,12,Byte,1,0.2575082778930664,16384,148.352417ms
BloscZstd,12,Byte,1,0.3367643356323242,32768,146.983459ms
BloscZstd,12,Byte,5,0.2600545883178711,1024,138.466167ms
BloscZstd,12,Byte,5,0.19075870513916016,4096,140.102292ms
BloscZstd,12,Byte,5,0.17671489715576172,16384,147.534458ms
BloscZstd,12,Byte,5,0.2090291976928711,32768,153.525917ms
BloscZstd,12,Byte,9,0.2520122528076172,1024,1.405506458s
BloscZstd,12,Byte,9,0.17741107940673828,4096,641.301042ms
BloscZstd,12,Byte,9,0.1357135772705078,16384,851.665083ms
BloscZstd,12,Byte,9,0.16079425811767578,32768,1.612043083s
BloscZstd,24,Byte,5,0.2600545883178711,1024,137.005166ms
BloscZstd,24,Byte,5,0.19075870513916016,4096,138.22975ms
BloscZstd,24,Byte,5,0.17671489715576172,16384,144.628875ms
BloscZstd,24,Byte,5,0.2090291976928711,32768,156.469709ms
BloscZstd,24,Byte,1,0.27164649963378906,1024,139.270959ms
BloscZstd,24,Byte,1,0.2430419921875,4096,142.223083ms
BloscZstd,24,Byte,1,0.2575082778930664,16384,153.850041ms
BloscZstd,24,Byte,1,0.3367643356323242,32768,148.59325ms
BloscZstd,24,Byte,5,0.2600545883178711,1024,138.275459ms
BloscZstd,24,Byte,5,0.19075870513916016,4096,137.361542ms
BloscZstd,24,Byte,5,0.17671489715576172,16384,145.61625ms
BloscZstd,24,Byte,5,0.2090291976928711,32768,157.843792ms
BloscZstd,24,Byte,9,0.2520122528076172,1024,1.396954667s
BloscZstd,24,Byte,9,0.17741107940673828,4096,642.067666ms
BloscZstd,24,Byte,9,0.1357135772705078,16384,917.365625ms
BloscZstd,24,Byte,9,0.16079425811767578,32768,1.581367041s
BloscZstd,1,Bit,5,0.2345123291015625,1024,137.164458ms
BloscZstd,1,Bit,5,0.18425846099853516,4096,139.871ms
BloscZstd,1,Bit,5,0.16411304473876953,16384,148.931375ms
BloscZstd,1,Bit,5,0.22519493103027344,32768,177.4825ms
BloscZstd,1,Bit,1,0.2465229034423828,1024,140.406167ms
BloscZstd,1,Bit,1,0.22261524200439453,4096,143.19825ms
BloscZstd,1,Bit,1,0.2634592056274414,16384,143.035334ms
BloscZstd,1,Bit,1,0.3073091506958008,32768,148.80925ms
BloscZstd,1,Bit,5,0.2345123291015625,1024,141.932416ms
BloscZstd,1,Bit,5,0.18425846099853516,4096,145.022084ms
BloscZstd,1,Bit,5,0.16411304473876953,16384,152.306875ms
BloscZstd,1,Bit,5,0.22519493103027344,32768,174.429917ms
BloscZstd,1,Bit,9,0.22254085540771484,1024,565.802417ms
BloscZstd,1,Bit,9,0.17452621459960938,4096,1.884167792s
BloscZstd,1,Bit,9,0.1822795867919922,16384,1.967644917s
BloscZstd,1,Bit,9,0.20086002349853516,32768,2.565203458s
BloscZstd,12,Bit,5,0.2345123291015625,1024,138.398042ms
BloscZstd,12,Bit,5,0.18425846099853516,4096,141.332166ms
BloscZstd,12,Bit,5,0.16411304473876953,16384,147.383875ms
BloscZstd,12,Bit,5,0.22519493103027344,32768,157.530083ms
BloscZstd,12,Bit,1,0.2465229034423828,1024,138.774666ms
BloscZstd,12,Bit,1,0.22261524200439453,4096,144.090125ms
BloscZstd,12,Bit,1,0.2634592056274414,16384,140.5755ms
BloscZstd,12,Bit,1,0.3073091506958008,32768,147.069666ms
BloscZstd,12,Bit,5,0.2345123291015625,1024,141.686833ms
BloscZstd,12,Bit,5,0.18425846099853516,4096,141.9855ms
BloscZstd,12,Bit,5,0.16411304473876953,16384,149.341167ms
BloscZstd,12,Bit,5,0.22519493103027344,32768,155.896375ms
BloscZstd,12,Bit,9,0.22254085540771484,1024,561.206583ms
BloscZstd,12,Bit,9,0.17452621459960938,4096,1.820781458s
BloscZstd,12,Bit,9,0.1822795867919922,16384,1.990846625s
BloscZstd,12,Bit,9,0.20086002349853516,32768,2.503513875s
BloscZstd,24,Bit,5,0.2345123291015625,1024,141.275083ms
BloscZstd,24,Bit,5,0.18425846099853516,4096,146.811792ms
BloscZstd,24,Bit,5,0.16411304473876953,16384,158.381917ms
BloscZstd,24,Bit,5,0.22742176055908203,32768,163.136917ms
BloscZstd,24,Bit,1,0.2465229034423828,1024,145.108792ms
BloscZstd,24,Bit,1,0.22261524200439453,4096,151.416ms
BloscZstd,24,Bit,1,0.2634592056274414,16384,150.567791ms
BloscZstd,24,Bit,1,0.3073091506958008,32768,151.653167ms
BloscZstd,24,Bit,5,0.2345123291015625,1024,139.370791ms
BloscZstd,24,Bit,5,0.18425846099853516,4096,140.682333ms
BloscZstd,24,Bit,5,0.16411304473876953,16384,146.874083ms
BloscZstd,24,Bit,5,0.22519493103027344,32768,153.08725ms
BloscZstd,24,Bit,9,0.22254085540771484,1024,562.234209ms
BloscZstd,24,Bit,9,0.17452621459960938,4096,1.796136833s
BloscZstd,24,Bit,9,0.1822795867919922,16384,2.03920875s
BloscZstd,24,Bit,9,0.20086002349853516,32768,2.476367334s
BloscZstd,1,Byte,5,0.2600545883178711,1024,136.9125ms
BloscZstd,1,Byte,5,0.19075870513916016,4096,141.507709ms
BloscZstd,1,Byte,5,0.17671489715576172,16384,145.792625ms
BloscZstd,1,Byte,5,0.2090291976928711,32768,156.771166ms
BloscZstd,1,Byte,1,0.27164649963378906,1024,145.420333ms
BloscZstd,1,Byte,1,0.2430419921875,4096,144.768667ms
BloscZstd,1,Byte,1,0.2575082778930664,16384,142.276709ms
BloscZstd,1,Byte,1,0.3367643356323242,32768,143.243042ms
BloscZstd,1,Byte,5,0.2600545883178711,1024,140.078125ms
BloscZstd,1,Byte,5,0.19075870513916016,4096,140.366834ms
BloscZstd,1,Byte,5,0.17671489715576172,16384,155.145375ms
BloscZstd,1,Byte,5,0.2090291976928711,32768,164.178334ms
BloscZstd,1,Byte,9,0.2520122528076172,1024,1.443964708s
BloscZstd,1,Byte,9,0.17741107940673828,4096,644.58775ms
BloscZstd,1,Byte,9,0.1357135772705078,16384,852.182166ms
BloscZstd,1,Byte,9,0.16079425811767578,32768,1.5620375s
BloscZstd,12,Byte,5,0.2600545883178711,1024,136.767417ms
BloscZstd,12,Byte,5,0.19075870513916016,4096,143.88325ms
BloscZstd,12,Byte,5,0.17671489715576172,16384,155.942791ms
BloscZstd,12,Byte,5,0.2090291976928711,32768,160.7675ms
BloscZstd,12,Byte,1,0.27164649963378906,1024,145.203417ms
BloscZstd,12,Byte,1,0.2430419921875,4096,149.267125ms
BloscZstd,12,Byte,1,0.2575082778930664,16384,148.6955ms
BloscZstd,12,Byte,1,0.3367643356323242,32768,148.473416ms
BloscZstd,12,Byte,5,0.2600545883178711,1024,137.047292ms
BloscZstd,12,Byte,5,0.19075870513916016,4096,139.112416ms
BloscZstd,12,Byte,5,0.17671489715576172,16384,150.51375ms
BloscZstd,12,Byte,5,0.2090291976928711,32768,155.340208ms
BloscZstd,12,Byte,9,0.2520122528076172,1024,1.42132775s
BloscZstd,12,Byte,9,0.17741107940673828,4096,632.37ms
BloscZstd,12,Byte,9,0.1357135772705078,16384,854.929209ms
BloscZstd,12,Byte,9,0.16079425811767578,32768,1.629431625s
BloscZstd,24,Byte,5,0.2600545883178711,1024,135.721958ms
BloscZstd,24,Byte,5,0.19075870513916016,4096,140.875834ms
BloscZstd,24,Byte,5,0.17671489715576172,16384,146.115291ms
BloscZstd,24,Byte,5,0.2090291976928711,32768,153.618708ms
BloscZstd,24,Byte,1,0.27164649963378906,1024,137.086167ms
BloscZstd,24,Byte,1,0.2430419921875,4096,143.338959ms
BloscZstd,24,Byte,1,0.2575082778930664,16384,146.905334ms
BloscZstd,24,Byte,1,0.3367643356323242,32768,145.659666ms
BloscZstd,24,Byte,5,0.2600545883178711,1024,139.978ms
BloscZstd,24,Byte,5,0.19075870513916016,4096,140.525042ms
BloscZstd,24,Byte,5,0.17671489715576172,16384,146.85225ms
BloscZstd,24,Byte,5,0.2090291976928711,32768,155.59675ms
BloscZstd,24,Byte,9,0.2520122528076172,1024,1.411864s
BloscZstd,24,Byte,9,0.17741107940673828,4096,664.301916ms
BloscZstd,24,Byte,9,0.1357135772705078,16384,910.768458ms
BloscZstd,24,Byte,9,0.16079425811767578,32768,1.564579042s
